Role,Cluster,Type,Skills
academic resource advisor,academic resource advisor_0,role,"'.net', 'microsoft project', 'microsoft visio', 'object-oriented programming (oop)', 'vbscript'"
academic resource advisor,academic resource advisor_-1,role,"'digital logic', 'peripheral installation', 'jvs system', 'linux administration', 'manual testing', 'remedy itsm', 'robotics', 'verilog hdl'"
academic resource advisor,academic resource advisor_1,role,"'java programming', 'unix'"
account assistant,account assistant_0,role,"'accounts receivable', 'bookkeeping', 'contract management', 'credit analysis', 'debit accounting', 'digital equipment corporation (dec) systems', 'finance', 'management information systems (mis)', 'financial statement preparation', 'tax preparation'"
account assistant,account assistant_1,role,"'adobe illustrator', 'adobe photoshop', 'audio editing', 'developer 2000', 'adobe pagemaker'"
account assistant,account assistant_-1,role,"'dos', 'quality inspection', 'oracle database', 'oracle 8i', 'policy development', 'report generation', 'windows 9x'"
account executive,account executive_-1,role,"'email communication', 'data migration', 'team building', 'energy efficiency', 'android development', 'closing procedures', 'quickbooks', 'sales techniques', 'insurance', 'owasp zap', 'accounts payable/receivable', 'focus erp', 'newsletter creation', 'pclaw', 'primary care', 'lean manufacturing', 'cdi', 'sage peachtree', 'pico framework', 'full accounting cycle', 'software as a service (saas)', 'utilities management', 'physics', 'control systems', 'cascading style sheets (css)', 'cisco', 'functional testing', 'public relations (pr)', 'form design', 'sensor technology', 'proposal writing', 'market research'"
account executive,account executive_1,role,"'pascal programming', 'computer programming', 'graphic design', 'computer vision', 'microsoft word', 'cobol programming', 'microsoft powerpoint', 'adobe photoshop', 'computer networking', 'pr software', 'microsoft access'"
account executive,account executive_2,role,"'mathematics', 'algebra', 'geometry'"
account executive,account executive_0,role,"'contract management', 'business intelligence (bi)', 'business development', 'general ledger accounting', 'data warehousing'"
account manager,account manager_-1,role,"'email communication', 'data migration', 'team building', 'energy efficiency', 'pascal programming', 'closing procedures', 'insurance', 'focus erp', 'conflict resolution', 'newsletter creation', 'data storage', 'software as a service (saas)', 'cascading style sheets (css)', 'cisco', 'functional testing', 'public relations (pr)', 'form design', 'microsoft visio', 'decision-making', 'sensor technology', 'microsoft access', 'matlab', 'sql', 'proposal writing', 'market research'"
account manager,account manager_2,role,"'android development', 'business intelligence (bi)', 'ios development', 'business development'"
account manager,account manager_0,role,"'sales techniques', 'product and service sales'"
account manager,account manager_3,role,"'computer programming', 'graphic design', 'computer networking'"
account manager,account manager_4,role,"'mathematics', 'algebra', 'geometry', 'physics', 'chemistry'"
account manager,account manager_1,role,"'contract management', 'utilities management', 'account management', 'relationship management', 'territory management'"
account manager and logistics analyst,account manager and logistics analyst_0,role,"'algebra', 'mathematics', 'geometry', 'grading and evaluation', 'quantitative analysis'"
account manager and logistics analyst,account manager and logistics analyst_1,role,"'classroom monitoring', 'esl teaching'"
account manager and logistics analyst,account manager and logistics analyst_-1,role,"'google docs', 'presentation skills', 'procurement', 'sql', 'student support', 'technology integration'"
account receivable clerk,account receivable clerk_0,role,"'accounts payable', 'accruals', 'account balancing', 'balance sheet preparation', 'balance sheets', 'benefits administration', 'billing', 'credit analysis', 'expense reporting', 'finance', 'financial reporting', 'general ledger accounting', 'insurance', 'business correspondence', 'profit and loss (p&l) analysis', 'real estate', 'report generation', 'tax preparation', 'treasury management'"
account receivable clerk,account receivable clerk_-1,role,"'cobol programming', 'dialysis', 'month-end close', 'microsoft powerpoint', 'primary care', 'business process improvement', 'settlements', 'tax law'"
account receivable clerk,account receivable clerk_1,role,"'computer programming', 'microsoft word'"
accountant,accountant_1,role,"'budget variance analysis', 'accounting software', 'asset keeper pro', 'scheduling', 'atm operation', 'management information systems (mis)', 'cost accounting', 'secretarial support', 'receiving', 'grant writing', 'software training', 'email communication', 'sales analysis', 'bookkeeping', 'office administration', 'computer programming', 'finance', 'microsoft powerpoint', 'sarbanes-oxley (sox) compliance', 'digital equipment corporation (dec) systems', 'procedure writing', 'web applications', 'team building', 'trend analysis', 'financial statement preparation', 'sage peachtree', 'balance sheet preparation', 'year-end processing', 'agency management', 'record keeping', 'closing procedures', 'credit analysis', 'meeting management', 'quickbooks', 'financial research', 'computer applications', 'organization skills', 'chase paymentech', 'government regulations', 'clerical skills', 'general ledger accounting', 'developer 2000', 'lotus software', 'prosystem fx tax', 'mac os', 'workflow management', 'financial controller', 'sage mas 90', 'contract management', 'file maintenance', 'automated payroll processing', 'insurance', 'accounts receivable', 'invoicing', 'training materials', 'fixed asset software', 'creative solutions accounting', 'real estate', 'basic computer skills', 'data access', 'financial systems analysis', 'calculator skills', 'acquisitions', 'mergers and acquisitions (m&a)', 'business objects', 'business process improvement', 'individual tax returns', 'quantitative analysis', 'trial balance', 'corporate finance', 'harvard graphics', 'internal controls', 'technical support', 'office equipment operation', 'fax machine operation', 'cash receipts', 'adobe illustrator', 'staffing', 'corporate visa management', 'internal controls implementation', 'catalog management', 'accounts payable/receivable', 'kronos workforce management', 'accruals', 'cashier skills', 'computer networking', 'oracle database', 'quicken', 'fund accounting', 'expense reporting', 'variance analysis', 'presentation skills', 'business intelligence (bi)', 'newsletter creation', 'jd edwards enterpriseone', 'driving', 'profit pluss 2k8', 'complyright software', 'life insurance', 'payroll processing', 'adp payroll', 'lotus notes', 'tax preparation', 'microsoft accounting', 'master of business administration (mba)', 'billing', 'accounts payable', 'ios development', 'appfolio', 'derivatives trading', 'tax return filing', 'payroll mate software', 'sales reporting', 'business correspondence', 'aderant/cms', 'fiscal management', 'analytical skills', 'cdi', 'reconciliation', 'sage accounting software', 'invoice processing', 'account balancing', 'quality inspection', 'direct sales', 'data visualization', 'cash register operation', 'audio editing', 'full accounting cycle', 'adobe pagemaker', 'balance sheets', 'oracle 8i', 'software as a service (saas)', 'desktop publishing', 'purchasing', 'public accounting', 'financial reporting', 'software developer', 'sage fixed assets', 'telephone skills', 'supervision', 'treasury management', 'microsoft word', 'expertise', 'fixed asset accounting', 'government contracts', 'report generation', 'adp ezlabor', 'computer peripherals', 'shipping and receiving', 'complex problem solving', 'quickbooks pro', 'instructional design', 'cobol programming', 'faxing', 'certified public accountant (cpa)', 'month-end close', 'progress software', 'cash handling', 'microsoft publisher', 'relationship management', 'office master system', 'administrative management', 'innovation management', 'hyperion systems', 'program management', 'pricing strategy', 'negotiation', 'host software', 'benefits administration', 'direct mail marketing', 'marketing materials', 'glacier tax prep software', 'operating systems', 'office management', 'transportation logistics', 'data trending', 'software proficiency', 'packaging design', 'general ledger', 'adobe photoshop', 'equity trading', 'ngs systems', 'job costing', 'intuit proseries', 'netsuite', 'data entry', 'profit and loss (p&l) analysis', 'proposal writing', 'myob accounting software', 'annuities', 'systems integration', 'database tables', 'decision-making', 'timberline software', 'coding', 'crystal reports', 'restaurant management', 'atlas software', 'public relations (pr)', 'form design', 'annual reports', 'mentoring', 'public speaking', 'web page design', 'profitability analysis', 'fds software', 'frx financial reporting', 'copier operation', 'online advertising', 'data warehousing', 'financial planning', 'pr software', 'works software', 'usda regulations', 'lx systems', 'keane care software', 'time management', 'charting', 'procurement', 'medline database', 'system monitoring', 'crm software', 'intuit payroll', 'mainframe systems', 'conference management', 'receptionist duties', 'sensor technology', 'debit accounting', 'microsoft access', 'data backup', 'revenue recognition', 'audio engineering', 'anytime scheduler', 'administrative skills', 'quick learner', 'sql', 'delivery management', 'investment management', 'taxslayer', 'document scanning', 'order processing', 'policy development', 'data validation', 'scheme programming', 'tax law', ""driver's license"", 'dos', 'international financial reporting standards (ifrs)', 'ad-hoc reporting'"
accountant,accountant_2,role,"'hospice care', 'primary care', 'community health'"
accountant,accountant_0,role,"'bilingual (spanish)', 'foreign languages', 'polish language', 'arabic language', 'swedish language', 'natural language processing', 'hindi language'"
accountant,accountant_-1,role,"'windows 9x', 'adaptability', 'algebra', 'component object model (com)', 'hyperion essbase', 'phoenix e1', 'image freeway', 'focus erp', 'settlements', 'client focus', 'pclaw', 'ultratax cs', 'biotechnology', 'bi360', 'macros', 'pico framework', 'multitasking', 'novell groupwise', 'copying', 'merchandising', 'us gaap', 'typing speed', 'munis', 'as/400', 'critical thinking', 'results-oriented', 'nanovision', 'two-tier architecture', 'epicor erp', 'interviewing', 'dialysis', 'functional testing', 'omb circular a-133', 'netscape messenger', 'food safety', 'calbench', 'crime scene investigation (csi)', 'adjustments', 'direction', 'journal entries'"
accountant   payables / accounting clerk,accountant   payables / accounting clerk_1,role,"'accounting software', 'general ledger accounting', 'myob accounting software'"
accountant   payables / accounting clerk,accountant   payables / accounting clerk_2,role,"'accounts payable', 'accounts receivable', 'account balancing', 'balance sheet preparation', 'trial balance'"
accountant   payables / accounting clerk,accountant   payables / accounting clerk_-1,role,"'accruals', 'administrative skills', 'bookkeeping', 'closing procedures', 'computer peripherals', 'data entry', ""driver's license"", 'email communication', 'fund management', 'hindi language', 'insurance', 'web applications', 'invoicing', 'foreign languages', 'business correspondence', 'management information systems (mis)', 'negotiation', 'policy development', 'microsoft powerpoint', 'purchasing', 'quickbooks', 'sales analysis', 'secretarial support', 'audio engineering', 'supervision', 'typing speed', 'microsoft word'"
accountant   payables / accounting clerk,accountant   payables / accounting clerk_0,role,"'credit analysis', 'finance'"
accountant /auditor,accountant /auditor_0,role,"'business objects', 'business process improvement'"
accountant /auditor,accountant /auditor_-1,role,"'closing procedures', 'grant writing', 'invoicing', 'general ledger', 'macros', 'system monitoring', 'operating systems', 'policy development', 'microsoft powerpoint', 'report generation', 'sarbanes-oxley (sox) compliance', 'training materials', 'data visualization'"
accountant /auditor,accountant /auditor_1,role,"'contract management', 'procurement'"
accountant /auditor,accountant /auditor_2,role,"'finance', 'financial reporting', 'general ledger accounting'"
accountant cum secretary,accountant cum secretary_1,role,"'accounting software', 'general ledger accounting', 'myob accounting software'"
accountant cum secretary,accountant cum secretary_2,role,"'accounts payable', 'accounts receivable', 'account balancing', 'balance sheet preparation', 'trial balance'"
accountant cum secretary,accountant cum secretary_-1,role,"'accruals', 'administrative skills', 'bookkeeping', 'closing procedures', 'computer peripherals', 'data entry', ""driver's license"", 'email communication', 'fund management', 'hindi language', 'insurance', 'web applications', 'invoicing', 'foreign languages', 'business correspondence', 'management information systems (mis)', 'negotiation', 'policy development', 'microsoft powerpoint', 'purchasing', 'quickbooks', 'sales analysis', 'secretarial support', 'audio engineering', 'supervision', 'typing speed', 'microsoft word'"
accountant cum secretary,accountant cum secretary_0,role,"'credit analysis', 'finance'"
"accountant, network assistant team","accountant, network assistant team_-1",role,"'accounts payable', 'financial systems analysis', 'critical thinking', 'financial reporting', 'program management'"
accountant/financial analyst,accountant/financial analyst_-1,role,"'online advertising', 'balance sheet preparation', 'benefits administration', 'business intelligence (bi)', 'bookkeeping', 'community health', 'contract management', 'certified public accountant (cpa)', 'credit analysis', 'finance', 'financial statement preparation', 'fund management', 'general ledger accounting', 'hospice care', 'hyperion systems', 'insurance', 'software proficiency', 'payroll processing', 'procurement', 'proposal writing', 'quickbooks', 'report generation', 'revenue recognition', 'sage accounting software', 'tax preparation', 'tax law', 'trial balance'"
accountants payable/receivable & purchasing administrator,accountants payable/receivable & purchasing administrator_-1,role,"'accounts payable/receivable', 'analytical skills', 'lotus software', 'medline database', 'payroll mate software', 'sage peachtree', 'quickbooks', 'sage accounting software'"
accounting and finance supervisor,accounting and finance supervisor_0,role,"'accounts payable/receivable', 'full accounting cycle', 'general ledger accounting'"
accounting and finance supervisor,accounting and finance supervisor_1,role,"'cdi', 'microsoft powerpoint', 'microsoft word', 'pclaw', 'sage peachtree', 'pico framework', 'pr software'"
accounting assistant,accounting assistant_-1,role,"'mathematics', 'calbench', 'microsoft powerpoint', 'microsoft access', 'quickbooks', 'sage accounting software', 'intuit proseries', 'team building'"
accounting clerk,accounting clerk_1,role,"'telephone skills', 'form design', 'instructional design', 'analytical skills', 'packaging design', 'clerical skills'"
accounting clerk,accounting clerk_0,role,"'microsoft word', 'annual reports', 'cost accounting', 'receiving', 'profitability analysis', 'report generation', 'fund accounting', 'copier operation', 'finance', 'newsletter creation', 'microsoft powerpoint', 'general ledger accounting', 'year-end processing', 'agency management', 'cash handling', 'microsoft publisher', 'financial reporting', 'time management', 'record keeping', 'credit analysis', 'innovation management', 'pricing strategy', 'quickbooks', 'billing', 'government regulations', 'business intelligence (bi)', 'fiscal management', 'microsoft access', 'accounts receivable', 'contract management', 'account balancing', 'policy development', 'business process improvement', 'document scanning', 'purchasing', 'fax machine operation'"
accounting clerk,accounting clerk_-1,role,"'mentoring', 'grant writing', 'public speaking', 'merchandising', 'fds software', 'reconciliation', 'closing procedures', 'mac os', 'proposal writing', 'data access', 'novell groupwise', 'functional testing', 'technical support'"
accounting clerk,accounting clerk_2,role,"'computer programming', 'system monitoring', 'mainframe systems'"
accounting instructor,accounting instructor_0,role,"'accounts payable', 'accounts receivable', 'billing', 'cash handling', 'contract management', 'credit analysis', 'finance', 'general ledger accounting', 'policy development', 'pricing strategy', 'purchasing', 'receiving'"
accounting instructor,accounting instructor_-1,role,"'closing procedures', 'grant writing', 'novell groupwise', 'mentoring', 'merchandising', 'public speaking', 'reconciliation', 'time management'"
accounting instructor,accounting instructor_1,role,"'form design', 'instructional design', 'packaging design'"
accounting manager,accounting manager_3,role,"'accounting software', 'general ledger accounting', 'public accounting', 'cash handling'"
accounting manager,accounting manager_-1,role,"'software training', 'microsoft powerpoint', 'procedure writing', 'team building', 'balance sheet preparation', 'closing procedures', 'credit analysis', 'quickbooks', 'clerical skills', 'business process improvement', 'accounts receivable', 'life insurance', 'tax preparation', 'geometry', 'bookkeeping', 'multitasking', 'direct sales', 'software as a service (saas)', 'supervision', 'merchandising', 'government contracts', 'conflict management', 'report generation', 'shipping and receiving', 'certified public accountant (cpa)', 'arabic language', 'administrative management', 'computer networking', 'operating systems', 'business processes', 'swedish language', 'sales reporting', 'profit and loss (p&l) analysis', 'general ledger', 'annuities', 'public relations (pr)', 'profitability analysis', 'data warehousing', 'usda regulations', 'telephone skills', 'reconciliation', 'food safety', 'system monitoring', 'receptionist duties', 'crime scene investigation (csi)', 'adjustments', 'quick learner'"
accounting manager,accounting manager_4,role,"'finance', 'financial controller', 'contract management', 'staffing', 'equity trading', 'financial statement preparation', 'investment management'"
accounting manager,accounting manager_1,role,"'year-end processing', 'automated payroll processing', 'payroll processing', 'order processing'"
accounting manager,accounting manager_0,role,"'data access', 'microsoft access', 'microsoft word'"
accounting manager,accounting manager_2,role,"'billing', 'accounts payable'"
accounting software consultant,accounting software consultant_0,role,"'accounts payable', 'billing'"
accounting software consultant,accounting software consultant_-1,role,"'accounts receivable', 'adjustments', 'administrative management', 'annuities', 'balance sheet preparation', 'cash handling', 'clerical skills', 'closing procedures', 'certified public accountant (cpa)', 'credit analysis', 'crime scene investigation (csi)', 'direct sales', 'food safety', 'government contracts', 'life insurance', 'merchandising', 'sales reporting', 'computer networking', 'procedure writing', 'public relations (pr)', 'receptionist duties', 'reconciliation', 'shipping and receiving', 'software training', 'team building', 'telephone skills'"
accounting software consultant,accounting software consultant_3,role,"'automated payroll processing', 'order processing', 'payroll processing'"
accounting software consultant,accounting software consultant_1,role,"'bookkeeping', 'general ledger accounting'"
accounting software consultant,accounting software consultant_2,role,"'contract management', 'staffing'"
accounting tutor,accounting tutor_-1,role,"'balance sheet preparation', 'derivatives trading', 'equity trading', 'finance', 'fund management', 'government regulations', 'investment management', 'general ledger', 'mergers and acquisitions (m&a)', 'natural language processing', 'web page design', 'accounts payable', 'business process improvement', 'computer programming', 'real estate', 'scheme programming', 'telephone skills'"
accounts receivable & collection manager,accounts receivable & collection manager_-1,role,"'accounts payable/receivable', 'analytical skills', 'lotus software', 'medline database', 'payroll mate software', 'sage peachtree', 'quickbooks', 'sage accounting software'"
accounts receivable administrator,accounts receivable administrator_-1,role,"'netscape messenger', 'munis', 'kronos workforce management', 'closing procedures', 'software as a service (saas)', 'sage mas 90', 'job costing', 'insurance', 'anytime scheduler', 'jd edwards enterpriseone'"
accounts receivable administrator,accounts receivable administrator_1,role,"'accounts payable', 'fixed asset accounting', 'acquisitions', 'credit analysis', 'financial controller', 'accounts receivable', 'contract management', 'accruals', 'frx financial reporting', 'billing', 'general ledger accounting'"
accounts receivable administrator,accounts receivable administrator_0,role,"'microsoft word', 'lotus notes', 'quickbooks'"
accounts receivable clerk,accounts receivable clerk_0,role,"'accounts payable', 'accounts receivable', 'credit analysis'"
accounts receivable clerk,accounts receivable clerk_-1,role,"'data access', 'closing procedures', 'trial balance', 'driving'"
accounts receivable clerk,accounts receivable clerk_1,role,"'telephone skills', 'sales reporting', 'microsoft word', 'policy development', 'data entry', 'email communication', 'workflow management', 'quickbooks', 'administrative skills', 'microsoft powerpoint', 'insurance', 'general ledger', 'computer applications', 'delivery management'"
adjunct professor,adjunct professor_-1,role,"'leadership development', 'people development', 'process analysis', 'product management', 'program management', 'solution design'"
administrative & finance coordinator,administrative & finance coordinator_0,role,"'administrative skills', 'agency management', 'data backup', 'bookkeeping', 'business administration', 'contract management', 'finance', 'general ledger accounting', 'international business', 'procurement', 'purchasing', 'receiving', 'record keeping', 'transportation logistics'"
administrative & finance coordinator,administrative & finance coordinator_-1,role,"'military experience', 'direct current (dc)', 'ims database'"
administrative & finance coordinator,administrative & finance coordinator_1,role,"'home office setup', 'microsoft powerpoint', 'microsoft word'"
administrative assistant/technologist,administrative assistant/technologist_-1,role,"'data entry', 'device drivers', 'focus erp', 'form design', 'microsoft publisher'"
administrative assistant/technologist,administrative assistant/technologist_1,role,"'dispatching', 'scheduling', 'supervision', 'time management', 'transportation logistics'"
administrative assistant/technologist,administrative assistant/technologist_0,role,"'telephone skills', 'quick learner'"
administrative specialist,administrative specialist_-1,role,"'accounts payable/receivable', 'data backup', 'basic computer skills', 'cash register operation', 'catalog management', 'decision-making', 'direction', 'internal controls implementation', 'interviewing', 'omb circular a-133', 'policy development', 'business process improvement', 'quickbooks'"
administrative specialist,administrative specialist_2,role,"'administrative skills', 'cashier skills', 'clerical skills'"
administrative specialist,administrative specialist_1,role,"'agency management', 'conference management', 'contract management', 'fund management'"
administrative specialist,administrative specialist_0,role,"'billing', 'finance'"
administrative technical aide,administrative technical aide_-1,role,"'geographic information systems (gis)', 'lighting design'"
administrator/accountant,administrator/accountant_0,role,"'accounts payable/receivable', 'full accounting cycle', 'general ledger accounting'"
administrator/accountant,administrator/accountant_1,role,"'cdi', 'microsoft powerpoint', 'microsoft word', 'pclaw', 'sage peachtree', 'pico framework', 'pr software'"
admissions coordinator,admissions coordinator_-1,role,"'public relations (pr)', 'telephone skills', 'transportation logistics', 'form design', 'patient safety', 'presentation skills', 'internet research', 'pricing strategy'"
admissions coordinator,admissions coordinator_0,role,"'policy development', 'conference management', 'contract administration', 'purchasing', 'billing', 'insurance', 'benefits administration'"
admissions coordinator,admissions coordinator_1,role,"'scheduling', 'travel arrangements', 'appointment scheduling'"
admissions director,admissions director_-1,role,"'public relations (pr)', 'telephone skills', 'transportation logistics', 'form design', 'patient safety', 'presentation skills', 'internet research', 'pricing strategy', 'computer programming', 'microsoft access', 'team building'"
admissions director,admissions director_0,role,"'policy development', 'conference management', 'scheduling', 'contract administration', 'purchasing', 'billing', 'insurance', 'benefits administration'"
admissions director,admissions director_1,role,"'travel arrangements', 'appointment scheduling'"
"advisory, forensic and audit associate","advisory, forensic and audit associate_-1",role,"'balance sheet preparation', 'derivatives trading', 'equity trading', 'finance', 'fund management', 'government regulations', 'investment management', 'general ledger', 'mergers and acquisitions (m&a)', 'natural language processing', 'web page design', 'accounts payable', 'business process improvement', 'computer programming', 'real estate', 'scheme programming', 'telephone skills'"
aircraft mechanic / electrician / avionics technician,aircraft mechanic / electrician / avionics technician_-1,role,"'microsoft access', 'microsoft project', 'program management'"
aml compliance officer,aml compliance officer_-1,role,"'analytical skills', 'dras', 'lombardi bpm', 'workbench', 'complex problem solving', 'ibm lombardi', 'microsoft excel vlookup'"
aml compliance officer,aml compliance officer_0,role,"'business objects', 'eagle system', 'pega systems', 'eagle accounting system', 'macros'"
aml compliance officer,aml compliance officer_1,role,"'microsoft access', 'microsoft powerpoint', 'microsoft word'"
analyst,analyst_-1,role,"'account management', 'student support', 'tableau', 'grading and evaluation', 'xml', 'google docs', 'geometry', 'procurement', 'seaborn', 'artificial intelligence', 'postgresql', 'presentation skills', 'algebra', 'predictive modeling', 'sql', 'market research', 'technology integration', 'web scraping', 'power bi'"
analyst,analyst_2,role,"'data cleansing', 'data preparation', 'data science', 'data manipulation'"
analyst,analyst_3,role,"'mathematics', 'regression analysis', 'time series analysis', 'quantitative analysis'"
analyst,analyst_1,role,"'embedded c programming', 'r programming', 'microcontroller programming'"
analyst,analyst_0,role,"'tutoring', 'classroom monitoring', 'esl teaching'"
analyst expert,analyst expert_-1,role,"'business intelligence (bi)', 'data science', 'ibm spss', 'power bi', 'retail analytics'"
analyst intern,analyst intern_-1,role,"'business intelligence (bi)', 'graphql', 'linear regression', 'natural language processing (nlp)', 'tableau'"
analyst intern,analyst intern_0,role,"'data visualization', 'keras', 'matplotlib', 'numpy', 'pandas (python library)', 'scikit-learn', 'tensorflow'"
analyst intern,analyst intern_1,role,"'logistic regression', 'objective analysis', 'reinforcement learning'"
analyst support,analyst support_-1,role,"'data visualization', 'matplotlib'"
android developer intern,android developer intern_-1,role,"'java programming', 'postgresql', 'react native'"
application and marketing engineer,application and marketing engineer_-1,role,"'cobol programming', 'goal achievement', 'crystal ball software', 'data visualization', 'interpersonal communication', 'fortran programming', 'lotus notes', 'pascal programming', 'personal computers', 'microsoft powerpoint', 'prolith modeling', 'spc++'"
application development associate,application development associate_-1,role,"'back-end development', 'docker', 'java programming', 'jenkins ci', 'kubernetes', 'linear regression'"
applications specialist,applications specialist_-1,role,"'er/studio', 'access control', 'statistical package for the social sciences (spss)', 'business objects', 'hboc systems', 'minitab', 'facet analysis', 'i-max technology', 'blackboard learning system', 'clarity ppm', 'electronic health records (ehr)', 'ibm cognos', 'pcanywhere'"
applications specialist,applications specialist_1,role,"'microsoft word', 'macess software', 'adobe captivate', 'microsoft powerpoint', 'microsoft visio'"
applications specialist,applications specialist_0,role,"'oracle database', 'idx broker', 'data warehousing'"
area sales executive,area sales executive_-1,role,"'business acumen', 'focus erp', 'negotiation', 'it support', 'numerical analysis'"
assembler/operator,assembler/operator_-1,role,"'quality inspection', 'lean manufacturing', 'mechanical processes', 'protocol execution', 'supervisory skills', 'system integration'"
assembly/ test technician,assembly/ test technician_-1,role,"'labview', 'lean manufacturing'"
assistant accountant,assistant accountant_0,role,"'accounts payable', 'accounts receivable', 'billing', 'cash handling', 'contract management', 'credit analysis', 'finance', 'financial performance', 'financial planning', 'financial reporting', 'general ledger accounting', 'policy development', 'pricing strategy', 'purchasing', 'receiving', 'time management'"
assistant accountant,assistant accountant_-1,role,"'closing procedures', 'erp systems proficiency', 'grant writing', 'novell groupwise', 'mentoring', 'merchandising', 'public speaking', 'reconciliation'"
assistant accountant,assistant accountant_1,role,"'form design', 'instructional design', 'packaging design'"
assistant analyst,assistant analyst_-1,role,"'natural language processing (nlp)', 'nltk', 'production analytics', 'production engineering'"
assistant claim approver,assistant claim approver_0,role,"'accounts payable', 'accruals', 'account balancing', 'balance sheet preparation', 'balance sheets', 'benefits administration', 'billing', 'credit analysis', 'expense reporting', 'finance', 'financial reporting', 'general ledger accounting', 'insurance', 'business correspondence', 'profit and loss (p&l) analysis', 'real estate', 'report generation', 'tax preparation', 'treasury management'"
assistant claim approver,assistant claim approver_-1,role,"'cobol programming', 'dialysis', 'month-end close', 'microsoft powerpoint', 'primary care', 'business process improvement', 'settlements', 'tax law'"
assistant claim approver,assistant claim approver_1,role,"'computer programming', 'microsoft word'"
assistant controller,assistant controller_2,role,"'restaurant management', 'microsoft word', 'office administration', 'office management', 'contract management'"
assistant controller,assistant controller_3,role,"'accounts payable/receivable', 'accounts payable', 'accounts receivable'"
assistant controller,assistant controller_1,role,"'scheduling', 'payroll processing', 'job costing', 'automated payroll processing'"
assistant controller,assistant controller_0,role,"'microsoft powerpoint', 'pr software', 'progress software'"
assistant controller,assistant controller_-1,role,"'timberline software', 'data migration', 'reconciliation', 'team building', 'bookkeeping', 'pclaw', 'certified public accountant (cpa)', 'sage peachtree', 'as/400', 'quickbooks', 'biotechnology', 'general ledger', 'sensor technology', 'cash handling', 'cdi', 'invoicing', 'secretarial support', 'pico framework', 'tax preparation', 'full accounting cycle', 'software as a service (saas)', 'journal entries'"
assistant controller,assistant controller_4,role,"'general ledger accounting', 'balance sheets'"
assistant controller,assistant controller_5,role,"'balance sheet preparation', 'financial statement preparation'"
assistant lecturer in natural resource management,assistant lecturer in natural resource management_-1,role,"'.net', 'environmental protection', 'environmental science', 'meeting management', 'natural language processing', 'business process improvement', 'shipping and receiving', 'tableau', 'technical support'"
assistant lecturer in natural resource management,assistant lecturer in natural resource management_1,role,"'c# programming', 'progress software'"
assistant lecturer in natural resource management,assistant lecturer in natural resource management_0,role,"'curriculum development', 'instructor', 'lecturing'"
assistant lecturer in natural resource management,assistant lecturer in natural resource management_2,role,"'data warehousing', 'database design', 'geographic information systems (gis)', 'oracle database', 'statistical package for the social sciences (spss)', 'sql', 'statistics'"
assistant manager,assistant manager_0,role,"'team building', 'business development', 'account management', 'change management', 'client development', 'conflict management', 'sales forecasting', 'vendor management', 'market expansion', 'profit improvement', 'business processes'"
assistant manager,assistant manager_-1,role,"'sales presentations', 'client engagement', 'algebra', 'ibm db2', 'cold calling', 'direct mail marketing', 'voice over ip (voip)', 'sensor technology', 'microsoft access'"
assistant manager,assistant manager_1,role,"'computer programming', 'mathematics'"
assistant of economic department,assistant of economic department_-1,role,"'chase paymentech', 'complex problem solving', 'epicor erp', 'general ledger accounting', 'glacier tax prep software', 'intuit payroll', 'netsuite', 'office master system', 'sage peachtree', 'quickbooks', 'sage accounting software'"
assistant office manager,assistant office manager_-1,role,"'focus erp', 'supervision', 'telephone skills', 'transportation logistics', 'microsoft word', 'scheduling', 'form design', 'data entry', 'microsoft publisher', 'time management', 'dispatching', 'credit analysis', 'device drivers', 'computer programming', 'quick learner'"
assistant professor,assistant professor_0,role,"'basic computer skills', 'graphical user interface (gui) design', 'matlab', 'law enforcement', 'progress software', 'retail operations', 'scheduling', 'visual basic for applications (vba)'"
assistant professor,assistant professor_-1,role,"'calculus', 'credit analysis', 'laser technology', 'layout design', 'microsoft powerpoint'"
assistant professor,assistant professor_1,role,"'physics', 'statistics'"
assistant program manager,assistant program manager_-1,role,"'billing', 'cash flow projections', 'government contracting', 'jd edwards enterpriseone', 'labview', 'matlab', 'sage peachtree', 'quickbooks', 'self-motivation'"
assistant project coordinator,assistant project coordinator_-1,role,"'civil engineering', 'multi-line phone systems', 'pick programming language', 'microsoft powerpoint', 'proofreading', 'shipping and receiving'"
assistant project coordinator,assistant project coordinator_0,role,"'front office management', 'meeting facilitation', 'meeting management', 'supervision', 'microsoft word'"
assistant project coordinator,assistant project coordinator_1,role,"'email communication', 'telephone skills'"
assistant project manager,assistant project manager_-1,role,"'proposal writing', 'american institute of architects (aia)', 'as/400', 'business writing', 'bond trading', 'billing', 'tax law', 'medical imaging', 'request for information (rfi)', 'bluebeam revu', 'clerical skills', 'insurance', 'results-oriented', 'jd edwards enterpriseone'"
assistant project manager,assistant project manager_0,role,"'scheduling', 'project coordination', 'event planning'"
assistant project manager,assistant project manager_1,role,"'negotiation', 'property management', 'construction management', 'contract management', 'trade show management'"
assistant service manager,assistant service manager_-1,role,"'cash receipts', 'directing', 'electrical drafting', 'instructional design', 'mentoring', 'natural gas operations', 'organization skills', 'law enforcement', 'progress software', 'sales promotions', 'proposal writing', 'reading comprehension', 'reconciliation', 'solidworks', 'supervision', 'supervisory skills'"
assistant to vice president,assistant to vice president_-1,role,"'american institute of architects (aia)', 'as/400', 'billing', 'bluebeam revu', 'bond trading', 'business writing', 'clerical skills', 'coding', 'medical imaging', 'insurance', 'jd edwards enterpriseone', 'negotiation', 'proposal writing', 'results-oriented', 'request for information (rfi)', 'tax law'"
assistant to vice president,assistant to vice president_0,role,"'construction management', 'contract management', 'property management'"
assistant to vice president,assistant to vice president_1,role,"'project coordination', 'scheduling', 'event planning'"
associate analyst,associate analyst_-1,role,"'computer vision', 'decision trees', 'flask api development', 'multivariate analysis', 'natural language processing (nlp)', 'numpy', 'predictive modeling', 'random forest algorithm', 'scikit-learn'"
associate consultant,associate consultant_-1,role,"'business intelligence (bi)', 'graphql', 'linear regression', 'logistic regression'"
associate data engineer,associate data engineer_-1,role,"'data extraction', 'data interpretation', 'data visualization', 'power bi', 'software as a service (saas)', 'statistical package for the social sciences (spss)', 'sql'"
associate data science engineer,associate data science engineer_-1,role,"'data integration', 'data science', 'natural language processing (nlp)', 'power bi', 'pyspark', 'apache spark', 'sql'"
associate data scientist,associate data scientist_-1,role,"'time series analysis', 'java programming', 'snowflake', 'google cloud platform (gcp)', 'computer programming', 'firebase', 'r programming', 'tableau', 'pytorch', 'sql'"
associate developer,associate developer_-1,role,"'big data analytics', 'data cleansing', 'data handling', 'data warehousing', 'software development life cycle (sdlc)'"
associate fund controller,associate fund controller_-1,role,"'balance sheet preparation', 'derivatives trading', 'equity trading', 'finance', 'fund management', 'government regulations', 'investment management', 'general ledger', 'mergers and acquisitions (m&a)', 'natural language processing', 'web page design', 'accounts payable', 'business process improvement', 'computer programming', 'real estate', 'scheme programming', 'telephone skills'"
associate machine learning engineer,associate machine learning engineer_-1,role,"'chatbot development', 'data arbitration', 'pattern recognition'"
associate market research analyst intern,associate market research analyst intern_-1,role,"'business intelligence (bi)', 'market research', 'predictive analytics', 'customer retention'"
associate medical analyst,associate medical analyst_-1,role,"'linear regression', 'logistic regression'"
associate project engineer,associate project engineer_-1,role,"'linear regression', 'market research', 'data exploration', 'sequential analysis', 'medical devices', 'artificial intelligence'"
associate researcher,associate researcher_-1,role,"'computer vision', 'data science', 'keras', 'matlab', 'natural language processing (nlp)', 'pytorch'"
associate software engineer,associate software engineer_0,role,"'business processes', 'event management'"
associate software engineer,associate software engineer_2,role,"'chemistry', 'mathematics', 'physics', 'simulation'"
associate software engineer,associate software engineer_3,role,"'software developer', 'computer programming', 'progress software', 'r programming'"
associate software engineer,associate software engineer_-1,role,"'functional testing', 'oil industry', 'sql', 'streak crm', 'tableau', 'trello'"
associate software engineer,associate software engineer_1,role,"'hp hardware', 'hp alm quality center', 'hp quicktest professional (qtp)'"
associate software engineer and analyst,associate software engineer and analyst_-1,role,"'data validation', 'data visualization', 'matplotlib', 'method development', 'mongodb', 'plotly'"
associate system engineer intern,associate system engineer intern_-1,role,"'conversational ai', 'gated recurrent unit (gru)', 'hugging face', 'long short-term memory (lstm)', 'natural language processing (nlp)', 'recurrent neural network (rnn)'"
associate systems engineer,associate systems engineer_-1,role,"'vendor management', 'data storage', 'ruby programming', 'cisco', 'data migration', 'technical program management', 'commissioning', 'engineering resource management', 'solution architecture'"
athletic coordinator,athletic coordinator_0,role,'leadership development'
auditor,auditor_-1,role,"'catalog management', 'basic computer skills', 'decision-making', 'policy development', 'cash register operation', 'business process improvement', 'data backup', 'omb circular a-133', 'quickbooks', 'billing', 'finance', 'accounts payable/receivable', 'direction'"
auditor,auditor_0,role,"'conference management', 'agency management', 'contract management', 'fund management'"
auditor,auditor_1,role,"'cashier skills', 'administrative skills', 'clerical skills'"
automation engineer,automation engineer_-1,role,"'microsoft visio', 'operating systems', 'ruby programming', 'devops', 'java programming', 'jenkins ci'"
"automation engineer, intern","automation engineer, intern_-1",role,"'cabling systems', 'conversion rate optimization (cro)', 'direct current (dc)', 'adobe flash', 'functional testing', 'instructional design', 'autodesk inventor', 'motorola systems', 'business process improvement', 'proposal writing', 'pspice', 'renovation', 'scheduling', 'siemens step 7', 'simulation', 'supervision', 'switchgear', 'tendering', 'data validation', 'vhdl', 'visual basic', 'wago codesys'"
"automation engineer, intern","automation engineer, intern_0",role,"'easypower software', 'hvac systems', 'power distribution systems', 'power generation', 'psim software'"
"automation engineer, intern","automation engineer, intern_1",role,"'hp hardware', 'iec 61131 programming', 'intel processors', 'java programming', 'labview', 'matlab', 'computer programming', 'structured programming'"
babysitter,babysitter_0,role,'cpr/first aid certified'
bank clerk,bank clerk_-1,role,"'financial performance', 'financial planning'"
bartender,bartender_-1,role,"'supervision', 'telephone skills', 'transportation logistics', 'microsoft word', 'scheduling', 'form design', 'data entry', 'microsoft publisher', 'time management', 'dispatching', 'sensor technology', 'credit analysis', 'device drivers', 'computer programming', 'quick learner'"
benefits clerk,benefits clerk_-1,role,"'benefits administration', 'data entry', 'feature engineering', 'form design', 'geographic information systems (gis)', 'email communication', 'direct mail marketing', 'meeting management', 'microsoft word', 'record keeping', 'document scanning'"
benefits clerk,benefits clerk_1,role,"'clerical skills', 'office equipment operation', 'telephone skills', 'receptionist duties', 'retail operations'"
benefits clerk,benefits clerk_0,role,"'policy development', 'business process improvement'"
bi engineer,bi engineer_-1,role,"'business intelligence (bi)', 'data analysis expressions (dax)', 'extract, load (etl)', 'jupyter notebook', 'power bi', 'sql', 'sql server management studio (ssms)'"
big data analyst,big data analyst_-1,role,"'big data analytics', 'java', 'data science', 'hadoop distributed file system (hdfs)', 'informatica powercenter', 'java programming', 'mapreduce', 'apache spark', 'talend'"
billing associate,billing associate_0,role,"'accounts payable', 'accruals', 'account balancing', 'balance sheet preparation', 'balance sheets', 'benefits administration', 'billing', 'credit analysis', 'expense reporting', 'finance', 'financial reporting', 'general ledger accounting', 'insurance', 'business correspondence', 'profit and loss (p&l) analysis', 'real estate', 'report generation', 'tax preparation', 'treasury management'"
billing associate,billing associate_-1,role,"'cobol programming', 'dialysis', 'month-end close', 'microsoft powerpoint', 'primary care', 'business process improvement', 'settlements', 'tax law'"
billing associate,billing associate_1,role,"'computer programming', 'microsoft word'"
biomedical engineering technician,biomedical engineering technician_-1,role,"'anatomy knowledge', 'osha regulations', 'it support'"
biomedical engineering technician,biomedical engineering technician_0,role,"'procedure development', 'engineering standards', 'information security'"
biomedical engineering technician,biomedical engineering technician_1,role,"'database servers', 'lan administration', 'tcp/ip networking'"
biomedical equipment technician,biomedical equipment technician_0,role,"'ge amx service', 'toshiba aquilion ct service', 'siemens e-cam service'"
biomedical equipment technician,biomedical equipment technician_1,role,"'supervisory skills', 'software proficiency'"
biomedical equipment technician,biomedical equipment technician_-1,role,"'cbmet', 'foresight imaging systems'"
blockchain analyst,blockchain analyst_-1,role,"'data cleansing', 'data collection', 'data visualization', 'elasticsearch', 'google bigquery', 'kibana', 'linux administration', 'sql', 'tableau'"
blog writer,blog writer_-1,role,"'ibm db2', 'linux administration'"
blog writer,blog writer_0,role,"'java programming', 'oracle database', 'sql', 'unix'"
blog writer,blog writer_1,role,"'microsoft access', 'microsoft frontpage', 'microsoft visio', 'microsoft word', 'visual basic', 'windows 2000', 'windows vista'"
bookkeeper,bookkeeper_-1,role,"'adp ezlabor', 'team building', 'data access'"
bookkeeper,bookkeeper_0,role,"'microsoft powerpoint', 'complyright software', 'quickbooks pro', 'ios development', 'appfolio', 'analytical skills'"
bookkeeper,bookkeeper_1,role,"'real estate', 'profit pluss 2k8', 'financial planning', 'adp payroll'"
bookkeeper/accountant,bookkeeper/accountant_-1,role,"'financial reporting', 'internal controls', 'bilingual (spanish)', 'reconciliation', 'office equipment operation', 'report generation', 'quickbooks'"
bookkeeper/office manager,bookkeeper/office manager_-1,role,"'accounts receivable', 'as/400', 'clerical skills', 'certified public accountant (cpa)', 'general ledger', 'invoicing', 'journal entries', 'sage peachtree', 'microsoft powerpoint', 'progress software', 'quickbooks', 'reconciliation', 'secretarial support', 'tax preparation', 'timberline software'"
bookkeeper/office manager,bookkeeper/office manager_0,role,"'automated payroll processing', 'job costing', 'payroll processing', 'scheduling'"
bookkeeper/office manager,bookkeeper/office manager_1,role,"'balance sheet preparation', 'balance sheets', 'bookkeeping', 'cash handling', 'general ledger accounting'"
bookkeeper/office manager,bookkeeper/office manager_2,role,"'contract management', 'office administration', 'office management', 'restaurant management'"
branch manager,branch manager_0,role,"'algebra', 'owasp zap'"
branch manager,branch manager_1,role,"'fraud detection', 'sales management', 'business development', 'sensor technology', 'microsoft access', 'market research'"
branch service specialist,branch service specialist_-1,role,"'data entry', 'general ledger accounting'"
bu analyst intern,bu analyst intern_-1,role,"'power bi', 'predictive analytics', 'r programming', 'sql'"
bulk teller,bulk teller_-1,role,"'sap ios sdk', 'purchasing card management', 'sap materials management (mm)', 'royalty management', 'sap time management', 'travel arrangements'"
business analyst,business analyst_0,role,"'data migration', 'pascal programming', 'mathematics', 'algebra', 'tensorflow', 'business intelligence (bi)', 'geometry', 'r programming', 'data visualization', 'c# programming', 'artificial intelligence', 'business processes', 'data warehousing', 'java programming', 'sql'"
business analyst,business analyst_-1,role,"'team building', 'predictive modeling', 'numpy', 'owasp zap', 'ibm db2', 'statistics', 'requirements gathering', 'software as a service (saas)', 'manual testing', 'root cause analysis', 'cascading style sheets (css)', 'power bi', 'tableau', 'microsoft visio'"
business analyst,business analyst_1,role,"'operating systems', 'microsoft access'"
business associate,business associate_0,role,"'mathematics', 'computer vision', 'artificial intelligence'"
business associate,business associate_1,role,"'predictive analytics', 'program management'"
business associate,business associate_-1,role,"'request for proposal (rfp)', 'monitoring and evaluation (m&e)', 'business development', 'conversational ai', 'pre-sales support'"
business client relationship manager,business client relationship manager_-1,role,"'big data analytics', 'business process improvement', 'cost-benefit analysis', 'direct marketing', 'finance', 'integrated reporting', 'market evaluation', 'messaging systems', 'computer networking', 'performance reviews', 'policy development', 'proposal writing', 'recruiting', 'requirements tracing', 'requirements gathering', 'scheme programming', 'project scope management', 'sales techniques', 'public speaking', 'database tables', 'technology architecture'"
business client relationship manager,business client relationship manager_1,role,"'business administration', 'business development', 'business solutions'"
business client relationship manager,business client relationship manager_0,role,"'performance management', 'relationship management'"
business cooperative education student  customer care,business cooperative education student  customer care_-1,role,"'geographic information systems (gis)', 'lighting design'"
business development,business development_-1,role,"'travel arrangements', 'multitasking', 'geometry', 'critical thinking', 'public speaking', 'data entry', 'software as a service (saas)'"
business development,business development_1,role,"'active learning', 'email communication', 'business correspondence', 'internet research'"
business development,business development_0,role,"'results-oriented', 'data collection'"
business development & marketing,business development & marketing_-1,role,"'benefits administration', 'billing', 'conference management', 'contract administration', 'form design', 'insurance', 'internet research', 'patient safety', 'telephone skills', 'policy development', 'presentation skills', 'pricing strategy', 'public relations (pr)', 'purchasing', 'scheduling', 'appointment scheduling', 'staffing', 'transportation logistics'"
business development / sales manager,business development / sales manager_-1,role,"'analog-to-digital conversion (adc)', 'fedex operations', 'horizontal analysis', 'instructor', 'mentoring', 'computer networking', 'pentaho', 'progress software', 'robotics', 'siebel crm', 'white paper writing'"
business development / sales manager,business development / sales manager_1,role,"'business-to-customer (b2c)', 'business intelligence (bi)', 'business development', 'business process improvement', 'business writing', 'contract management', 'business correspondence', 'fannie mae', 'federal acquisition regulations (far)', 'government regulations', 'finance', 'fundraising', 'government-sponsored enterprise (gse)', 'sales growth', 'systems integration', 'systems integrator', 'investor relations', 'lending', 'loan origination', 'market share analysis', 'marketing collateral', 'marketing department management', 'master of business administration (mba)', 'mckesson systems', 'pricing strategy', 'project planning', 'promotional marketing', 'proposal development', 'real estate', 'retail operations', 'retail marketing', 'sales management', 'solution architecture'"
business development / sales manager,business development / sales manager_2,role,"'hospital pharmacy', 'outpatient care', 'pharmacy'"
business development / sales manager,business development / sales manager_0,role,"'microsoft powerpoint', 'microsoft publisher', 'microsoft visio'"
business development analyst,business development analyst_0,role,"'account management', 'presentation skills', 'financial reporting', 'business administration', 'business development', 'business process improvement', 'business solutions', 'cost-benefit analysis', 'cross-functional team leadership', 'business analysis mentoring', 'direct marketing', 'document reporting', 'finance', 'integrated reporting', 'market evaluation', 'microsoft project', 'computer networking', 'organization skills', 'performance management', 'performance reviews', 'policy development', 'project coordination', 'recruiting', 'relationship management', 'requirements gathering', 'project scope management', 'sales techniques', 'technology architecture'"
business development analyst,business development analyst_1,role,"'big data analytics', 'oracle database', 'sql', 'database tables'"
business development analyst,business development analyst_-1,role,"'fast learner', 'messaging systems', 'negotiation', 'proposal writing', 'public speaking', 'requirements tracing', 'scheme programming', 'statistical package for the social sciences (spss)'"
business development consultant,business development consultant_-1,role,"'agency management', 'sales techniques', 'insurance', 'delivery management', 'policy development'"
business development coordinator,business development coordinator_-1,role,"'professionalism', 'crm software', 'prioritization', 'learning management systems (lms)', 'technical support'"
business development director,business development director_0,role,"'computer networking', 'insurance', 'information security'"
business development director,business development director_1,role,"'conflict management', 'business development', 'marketing materials', 'contract management', 'delivery management', 'configuration management', 'direct sales', 'business process improvement'"
business development director,business development director_-1,role,"'radar systems', 'instructor', 'environmental health and safety (ehs)', 'algebra', 'network installation', 'software as a service (saas)'"
business development executive,business development executive_-1,role,"'account management', 'business intelligence (bi)', 'team building', 'pascal programming', 'salesforce lead management', 'brand development', 'office equipment operation', 'microsoft access', 'algebra', 'software as a service (saas)', 'multitasking'"
business development manager,business development manager_0,role,"'project development', 'scheduling', 'training manuals', 'email communication', 'finance', 'solution architecture', 'microsoft powerpoint', 'team building', 'community outreach', 'horizontal analysis', 'meeting management', 'sales techniques', 'computer programming', 'business acumen', 'content creation', 'government regulations', 'sales objectives', 'key account management', 'business development', 'contract management', 'customer needs assessment', 'insurance', 'real estate', 'data stewardship', 'technical authoring', 'sales implementation', 'fedex operations', 'promotional marketing', 'graphic design', 'staffing', 'marketing collateral', 'request for proposal (rfp)', 'account management', 'conflict resolution', 'newsletter creation', 'business intelligence (bi)', 'sales growth', 'microsoft visio', 'business-to-customer (b2c)', 'sales expertise', 'federal acquisition regulations (far)', 'competitive analysis', 'robotics', 'master of business administration (mba)', 'multitasking', 'billing', 'government-sponsored enterprise (gse)', 'business-to-business (b2b)', 'profit and loss (p&l) management', 'systems integration', 'marketing materials', 'sales management', 'mckesson systems', 'retail operations', 'organization skills', 'fashion design', 'orthopedics', 'statistics', 'software as a service (saas)', 'lending', 'lead generation', 'directing', 'contract negotiation', 'leadership development', 'cost control', 'telephone skills', 'microsoft word', 'proposal development', 'seminar management', 'utilities management', 'report generation', 'computer literacy', 'sales forecasting', 'shipping and receiving', 'energy management', 'cobol programming', 'physics', 'progress software', 'investor relations', 'microsoft publisher', 'project planning', 'relationship management', 'fundraising', 'negotiation', 'pricing strategy', 'sales planning', 'computer networking', 'mentoring', 'product and service sales', 'business process improvement', 'adobe photoshop', 'direct marketing', 'sales promotions', 'advertising', 'retail marketing', 'outside sales', 'siebel crm', 'public relations (pr)', 'form design', 'fannie mae', 'business writing', 'white paper writing', 'time management', 'contract administration', 'marketing department management', 'numerical analysis', 'territory management', 'decision-making', 'loan origination', 'invoicing', 'instructor', 'sensor technology', 'microsoft access', 'bookkeeping', 'act! crm', 'delivery management', 'proposal writing', 'order processing', 'systems integrator', 'business correspondence', 'policy development', 'market research', 'brand management', 'market share analysis'"
business development manager,business development manager_-1,role,"'pentaho', 'data migration', 'energy efficiency', 'aviation', 'closing procedures', 'storage area network (san)', 'simultaneous interpretation', 'mac os', 'algebra', 'focus erp', 'quicken', 'biotechnology', 'it support', 'analog-to-digital conversion (adc)', 'cold calling', 'functional testing', 'assisted living', 'certified nursing assistant (cna)'"
business development manager,business development manager_1,role,"'pharmacy', 'internal medicine', 'outpatient care', 'hospital pharmacy'"
business development sales manager,business development sales manager_-1,role,"'business development', 'certified nursing assistant (cna)', 'cold calling', 'multitasking'"
business development sales manager,business development sales manager_0,role,"'computer literacy', 'customer needs assessment'"
business development sales manager,business development sales manager_1,role,"'lead generation', 'report generation'"
business enterprise risk manager,business enterprise risk manager_-1,role,"'big data analytics', 'business process improvement', 'cost-benefit analysis', 'direct marketing', 'finance', 'integrated reporting', 'market evaluation', 'messaging systems', 'computer networking', 'performance reviews', 'policy development', 'proposal writing', 'recruiting', 'requirements tracing', 'requirements gathering', 'scheme programming', 'project scope management', 'sales techniques', 'public speaking', 'database tables', 'technology architecture'"
business enterprise risk manager,business enterprise risk manager_1,role,"'business administration', 'business development', 'business solutions'"
business enterprise risk manager,business enterprise risk manager_0,role,"'performance management', 'relationship management'"
business manager,business manager_0,role,"'software training', 'computer programming', 'computer networking'"
business manager,business manager_-1,role,"'data migration', 'team building', 'life insurance', 'statistics', 'direct sales', 'merchandising', 'shipping and receiving', 'sales reporting', 'public relations (pr)', 'closing procedures', 'usda regulations', 'reconciliation', 'food safety', 'microsoft access', 'crime scene investigation (csi)', 'adjustments'"
business manager,business manager_1,role,"'procedure writing', 'balance sheet preparation', 'credit analysis', 'clerical skills', 'general ledger accounting', 'contract management', 'automated payroll processing', 'staffing', 'billing', 'bookkeeping', 'government contracts', 'certified public accountant (cpa)', 'administrative management', 'accounts receivable', 'annuities', 'accounts payable', 'telephone skills', 'payroll processing', 'financial statement preparation', 'receptionist duties', 'cash handling', 'order processing'"
business process analyst,business process analyst_-1,role,"'blackboard learning system', 'business objects', 'clarity ppm', 'ibm cognos', 'access control', 'electronic health records (ehr)', 'er/studio', 'facet analysis', 'hboc systems', 'heat transfer', 'i-max technology', 'idx broker', 'macess software', 'minitab', 'microsoft onenote', 'oracle database', 'pcanywhere', 'microsoft powerpoint', 'statistical package for the social sciences (spss)', 'microsoft visio'"
business systems analyst,business systems analyst_1,role,"'microsoft word', 'c# programming', 'microsoft powerpoint', 'microsoft visio', 'microsoft access', 'macess software', 'adobe captivate'"
business systems analyst,business systems analyst_-1,role,"'hboc systems', 'idx broker', 'clarity ppm', 'er/studio', 'access control', 'i-max technology', 'root cause analysis', 'mathematics', 'cascading style sheets (css)', 'sensor technology', 'blackboard learning system', 'electronic health records (ehr)', 'ibm cognos', 'heat transfer', 'software as a service (saas)', 'minitab'"
business systems analyst,business systems analyst_0,role,"'facet analysis', 'statistical package for the social sciences (spss)'"
business systems analyst,business systems analyst_2,role,"'business intelligence (bi)', 'data warehousing', 'oracle database', 'php programming', 'sql', 'business objects'"
buyer / program manager,buyer / program manager_-1,role,"'conflict resolution', 'decision-making', 'business development', 'product and service sales', 'relationship management', 'territory management'"
capstone project,capstone project_-1,role,"'cpr/first aid certified', 'direction', 'first aid', 'intel processors', 'natural language processing', 'physics', 'microsoft powerpoint', 'pspice', 'public speaking', 'verilog hdl', 'vi text editor', 'windows 2000'"
capstone project,capstone project_0,role,"'data acquisition', 'digital design', 'electronics', 'fashion design', 'oscilloscope operation', 'sql', 'statistics', 'supervisory control and data acquisition (scada)', 'systems design'"
capstone project,capstone project_1,role,"'labview', 'matlab', 'vhdl'"
captain,captain_-1,role,"'java programming', 'sql', 'swift programming'"
cashier,cashier_-1,role,"'financial planning', 'financial reporting', 'data entry', 'general ledger accounting', 'polish language', 'financial performance'"
ceo and president,ceo and president_-1,role,"'analytical skills', 'client engagement', 'data storage', 'demand generation', 'government experience', 'interoperability'"
chemical synthesis research assistant,chemical synthesis research assistant_-1,role,"'catalysis', 'chemical engineering', 'compound synthesis', 'matlab', 'minitab', 'process optimization'"
chief engineer,chief engineer_-1,role,"'california regulations', 'feature engineering', 'first aid', 'focus erp', 'hvac systems', 'mathematics', 'performance reviews', 'physics', 'plumbing', 'purchasing', 'reading comprehension', 'record keeping', 'document scanning'"
chief engineer,chief engineer_0,role,"'carpentry', 'property management'"
chief engineer,chief engineer_1,role,"'contract management', 'hand tool operation', 'meeting management', 'skills', 'supervision', 'test equipment'"
chief plant engineer,chief plant engineer_-1,role,"'computer literacy', 'database software', 'quality inspection', 'laundry operation', 'naval operations', 'national electrical code (nec)', 'radiography', 'real estate'"
chief plant engineer,chief plant engineer_0,role,"'contract management', 'cost reduction', 'central processing units (cpus)', 'electrical systems', 'energy management', 'facilities management', 'hvac systems', 'meeting management', 'business process improvement', 'procurement', 'supervision', 'technical support'"
chief plant engineer,chief plant engineer_1,role,"'plumbing', 'welding'"
"chief, accounts payable branch","chief, accounts payable branch_-1",role,"'accounts payable', 'financial systems analysis', 'critical thinking', 'financial reporting', 'program management'"
"chief, recon and reports branch","chief, recon and reports branch_-1",role,"'accounts payable', 'financial systems analysis', 'critical thinking', 'financial reporting', 'program management'"
"chief, reports branch. accounts maintenance and control","chief, reports branch. accounts maintenance and control_-1",role,"'accounts payable', 'financial systems analysis', 'critical thinking', 'financial reporting', 'program management'"
church administrator,church administrator_3,role,"'accounts payable', 'agency management', 'annual reports', 'account balancing', 'cash handling', 'contract management', 'cost accounting', 'finance', 'financial reporting', 'fiscal management', 'fund accounting', 'fund management', 'general ledger accounting', 'innovation management', 'newsletter creation', 'profitability analysis', 'report generation', 'time management'"
church administrator,church administrator_0,role,"'analytical skills', 'clerical skills', 'telephone skills'"
church administrator,church administrator_-1,role,"'business intelligence (bi)', 'fds software', 'functional testing', 'government regulations', 'grant writing', 'policy development', 'business process improvement', 'proposal writing', 'reconciliation', 'record keeping', 'technical support'"
church administrator,church administrator_2,role,"'copier operation', 'fax machine operation', 'document scanning'"
church administrator,church administrator_1,role,"'mac os', 'mainframe systems', 'system monitoring'"
church administrator,church administrator_4,role,"'microsoft access', 'microsoft powerpoint', 'microsoft publisher', 'quickbooks', 'microsoft word'"
claims examiner,claims examiner_0,role,"'accounts payable', 'accounts receivable', 'credit analysis'"
claims examiner,claims examiner_-1,role,"'data access', 'closing procedures', 'trial balance', 'driving'"
claims examiner,claims examiner_1,role,"'telephone skills', 'sales reporting', 'microsoft word', 'policy development', 'data entry', 'email communication', 'workflow management', 'quickbooks', 'administrative skills', 'microsoft powerpoint', 'insurance', 'general ledger', 'computer applications', 'delivery management'"
clinical administrator,clinical administrator_-1,role,"'administrative skills', 'learning management systems (lms)', 'professionalism', 'crm software', 'technical support'"
clinical engineering manager,clinical engineering manager_0,role,"'ge amx service', 'toshiba aquilion ct service', 'siemens e-cam service'"
clinical engineering manager,clinical engineering manager_1,role,"'supervisory skills', 'software proficiency'"
clinical engineering manager,clinical engineering manager_-1,role,"'cbmet', 'foresight imaging systems'"
co founder and coo,co founder and coo_1,role,"'camera operation', 'medical imaging', 'computer vision'"
co founder and coo,co founder and coo_-1,role,"'closing procedures', 'component object model (com)', 'content creation', 'credit analysis', 'driving', 'recruiting', 'messaging systems', 'presentation skills', 'radio communications', 'receiving', 'shipping and receiving', 'storytelling', 'technical support', 'venture capital'"
co founder and coo,co founder and coo_2,role,"'contract management', 'database administration', 'software developer', 'feature engineering', 'finance', 'insurance', 'market planning', 'new product development', 'order management', 'policy development', 'pricing strategy', 'procurement', 'product development', 'product management', 'product marketing', 'program management', 'retail operations', 'sales management', 'utilities management', 'workflow management'"
co founder and coo,co founder and coo_0,role,"'data migration', 'data encryption', 'data interpretation'"
co founder vp of business development,co founder vp of business development_0,role,"'balance sheet preparation', 'bond trading', 'business development', 'clinical research', 'corporate finance', 'equity trading', 'finance', 'financial planning', 'fundraising', 'fund management', 'innovation management'"
co founder vp of business development,co founder vp of business development_-1,role,"'clinical trials', 'component object model (com)', 'graphical user interface (gui) design', 'computer networking', 'next.js'"
co founder vp of business development,co founder vp of business development_1,role,"'email communication', 'presentation skills', 'public speaking'"
collaborative user experience group intern,collaborative user experience group intern_-1,role,"'adobe dreamweaver', 'adobe photoshop', 'java programming', 'linux administration', 'mac os', 'matlab', 'perl programming', 'php programming', 'scheme programming', 'self-motivation'"
combat engineer,combat engineer_-1,role,"'basic computer skills', 'bridge engineering', 'quality inspection', 'marconi systems', 'oscilloscope operation', 'radar systems', 'radio communications', 'reading comprehension', 'signal generators', 'telephone skills'"
commercial auto underwriter,commercial auto underwriter_0,role,"'accounts payable', 'general ledger'"
commercial auto underwriter,commercial auto underwriter_1,role,"'accounts receivable', 'administrative skills', 'business intelligence (bi)', 'computer applications', 'credit analysis', 'data entry', 'delivery management', 'email communication', 'insurance', 'telephone skills', 'policy development', 'microsoft powerpoint', 'quickbooks', 'sales reporting', 'microsoft word', 'workflow management'"
commercial auto underwriter,commercial auto underwriter_-1,role,"'closing procedures', 'driving', 'trial balance'"
commercial relocation consultant,commercial relocation consultant_-1,role,"'billing', 'bookkeeping', 'contract administration', 'delivery management', 'directing', 'government regulations', 'invoicing', 'mentoring', 'policy development', 'relationship management', 'request for proposal (rfp)', 'sales management', 'staffing'"
committee chair,committee chair_-1,role,"'adobe photoshop', 'artificial intelligence', 'cyber ethics', 'differential equations', 'discrete mathematics', 'dropbox', 'google calendar', 'google drive', 'iwork', 'linux administration', 'mozilla thunderbird', 'mac os x', 'sublime text', 'textwrangler', 'unity (game engine)', 'unix terminal'"
committee chair,committee chair_1,role,"'android development', 'c# programming', 'ios development', 'java programming', 'swift programming', 'xamarin'"
committee chair,committee chair_0,role,"'computer graphics', 'microsoft visual studio'"
computer engineer,computer engineer_-1,role,"'junit', 'matlab', 'vhdl', 'visual studio code', 'wireshark'"
computer programmer,computer programmer_1,role,"'analytical skills', 'designer 2000', 'software developer', 'form design'"
computer programmer,computer programmer_2,role,"'billing', 'closing procedures', 'credit analysis', 'debit accounting', 'delivery management', 'finance', 'full product lifecycle management', 'fund management', 'general ledger accounting', 'policy development', 'business process improvement', 'research support', 'scheduling', 'tax preparation', 'tax accounting', 'utilities management'"
computer programmer,computer programmer_3,role,"'data entry', 'data fetching', 'oracle database', 'sql', 'database tables'"
computer programmer,computer programmer_-1,role,"'gnu debugger (gdb)', 'github', 'lucidchart', 'microsoft word', 'month-end close', 'os/2', 'postman api', 'proposal writing', 'reading comprehension', 'real estate', 'report generation', 'system integration', 'telephone skills'"
computer programmer,computer programmer_0,role,"'jira', 'leetcode', 'owasp zap'"
computer programmer analyst,computer programmer analyst_0,role,"'analytical skills', 'designer 2000', 'software developer', 'form design', 'proposal writing'"
computer programmer analyst,computer programmer analyst_1,role,"'billing', 'closing procedures', 'credit analysis', 'debit accounting', 'delivery management', 'finance', 'full product lifecycle management', 'fund management', 'general ledger accounting', 'policy development', 'business process improvement', 'research support', 'scheduling', 'tax preparation', 'tax accounting', 'utilities management'"
computer programmer analyst,computer programmer analyst_2,role,"'data entry', 'data fetching', 'oracle database', 'sql', 'database tables'"
computer programmer analyst,computer programmer analyst_-1,role,"'microsoft word', 'month-end close', 'os/2', 'reading comprehension', 'real estate', 'report generation', 'system integration', 'telephone skills'"
computer repair technician,computer repair technician_-1,role,"'ifixit pro tech toolkit', 'malwarebytes', 'memtest86', 'recuva', 'teamviewer', 'ultimate boot cd (ubcd)'"
computer science teacher,computer science teacher_-1,role,"'cascading style sheets (css)', 'angularjs'"
computer science tutor,computer science tutor_-1,role,"'angularjs', 'ruby on rails'"
computer scientist,computer scientist_0,role,"'it management', 'diagnostic software'"
computer scientist,computer scientist_1,role,"'hardware and software installation', 'computer networking'"
computer scientist,computer scientist_-1,role,"'long short-term memory (lstm)', 'pytorch'"
computer support specialist,computer support specialist_0,role,"'it management', 'diagnostic software'"
computer support specialist,computer support specialist_1,role,"'hardware and software installation', 'computer networking'"
computer support specialist,computer support specialist_-1,role,"'long short-term memory (lstm)', 'pytorch'"
computer teacher,computer teacher_-1,role,"'adobe dreamweaver', 'adobe photoshop', 'java programming', 'linux administration', 'mac os', 'matlab', 'perl programming', 'php programming', 'scheme programming', 'self-motivation'"
computer technician,computer technician_-1,role,"'ultimate boot cd (ubcd)', 'memtest86', 'hwinfo', 'teamviewer', 'recuva', 'powershell', 'operating system installation', 'malwarebytes', 'microsoft windows 10', 'driver booster', 'mcafee endpoint security', 'acronis true image'"
computer technologist,computer technologist_0,role,"'cabling installation', 'hardware installation', 'network installation', 'network design', 'operating systems', 'network troubleshooting'"
computer technologist,computer technologist_1,role,"'database administration', 'database programming', 'linux programming', 'java programming'"
computer technologist,computer technologist_-1,role,"'firewall administration', 'ip addressing', 'monitoring and evaluation (m&e)', 'negotiation'"
computer vision engineer,computer vision engineer_-1,role,"'image segmentation', 'opencv', 'pattern recognition', 'pillow (python imaging library)'"
computer vision scientist,computer vision scientist_-1,role,"'pytorch', 'r programming', 'snowflake', 'sql'"
computer/network instructor,computer/network instructor_-1,role,"'client-server architecture', 'decisiveness', 'desktop support', 'time management', 'functional testing', 'laptop repair', 'data migration', 'printer management', 'network interface cards (nics)', 'operations analysis', 'product improvement', 'solidworks', 'progress software', 'purchasing', 'raid configuration', 'root cause analysis', 'server administration', 'usability testing', 'data validation', 'windows vista'"
computer/network instructor,computer/network instructor_0,role,"'computer networking', 'computer sales', 'hp hardware', 'hp netservers', 'operating systems'"
computer/network instructor,computer/network instructor_1,role,"'technical specifications', 'technical planning', 'technical support'"
construction engineering supervisor,construction engineering supervisor_-1,role,"'basic computer skills', 'bridge engineering', 'quality inspection', 'marconi systems', 'oscilloscope operation', 'radar systems', 'radio communications', 'reading comprehension', 'signal generators', 'telephone skills'"
consultant,consultant_2,role,"'accounts payable', 'supervision', 'account management', 'invoice processing', 'finance', 'general ledger accounting', 'financial reporting', 'meeting management', 'business growth strategies', 'billing', 'business processes', 'invoicing', 'accounts receivable', 'bookkeeping'"
consultant,consultant_-1,role,"'focus erp', 'scheduling', 'conflict management', 'report generation', 'student support', 'microsoft powerpoint', 'business intelligence (bi)', 'shipping and receiving', 'data migration', 'grading and evaluation', 'progress software', 'balance sheet preparation', 'google docs', 'ibm db2', 'oracle database', 'procurement', 'master of business administration (mba)', 'devops', 'r programming', 'classroom monitoring', 'root cause analysis', 'sensor technology', 'microsoft access', 'router configuration', 'sql', 'quality inspection', 'esl teaching', 'email communication', 'component object model (com)', 'functional testing', 'profit and loss (p&l) analysis', 'software as a service (saas)'"
consultant,consultant_0,role,"'digital equipment corporation (dec) systems', 'computer networking', 'technology integration', 'operating systems'"
consultant,consultant_1,role,"'mathematics', 'geometry', 'algebra', 'quantitative analysis'"
consultant,consultant_3,role,"'tutoring', 'presentation skills'"
contracts processor,contracts processor_0,role,"'accounts payable', 'accounts receivable', 'accruals', 'billing'"
contracts processor,contracts processor_-1,role,"'acquisitions', 'anytime scheduler', 'closing procedures', 'contract management', 'credit analysis', 'frx financial reporting', 'insurance', 'jd edwards enterpriseone', 'job costing', 'kronos workforce management', 'lotus notes', 'sage mas 90', 'munis', 'netscape messenger', 'quickbooks'"
contracts processor,contracts processor_1,role,"'financial controller', 'fixed asset accounting', 'general ledger accounting'"
control systems engineer i / ii,control systems engineer i / ii_-1,role,"'engineering resource management', 'technical program management', 'commissioning'"
controller,controller_-1,role,"'adp ezlabor', 'microsoft powerpoint', 'team building', 'profit pluss 2k8', 'data access'"
controller,controller_1,role,"'real estate', 'financial planning', 'adp payroll', 'financial statement preparation'"
controller,controller_2,role,"'data warehousing', 'complyright software', 'quickbooks pro', 'keane care software', 'geometry', 'analytical skills', 'algebra', 'bi360', 'statistics', 'software as a service (saas)'"
controller,controller_0,role,"'ios development', 'appfolio'"
controller assistant,controller assistant_-1,role,'adp ezlabor'
controller assistant,controller assistant_0,role,"'adp payroll', 'analytical skills', 'financial planning', 'profit pluss 2k8', 'real estate'"
controller assistant,controller assistant_1,role,"'appfolio', 'complyright software', 'ios development', 'microsoft powerpoint', 'quickbooks pro'"
converting analyst,converting analyst_-1,role,"'construction management', 'facility modifications', 'recruiting', 'quality inspection', 'laser technology', 'negotiation', 'paper converting equipment operation', 'business process improvement', 'simulation', 'statistical process control (spc)', 'supervision'"
converting plant engineer,converting plant engineer_-1,role,"'construction management', 'facility modifications', 'recruiting', 'quality inspection', 'laser technology', 'negotiation', 'paper converting equipment operation', 'business process improvement', 'simulation', 'statistical process control (spc)', 'supervision'"
corp. accountant,corp. accountant_-1,role,"'chase paymentech', 'complex problem solving', 'epicor erp', 'general ledger accounting', 'glacier tax prep software', 'intuit payroll', 'netsuite', 'office master system', 'sage peachtree', 'quickbooks', 'sage accounting software'"
corporate associate / hr assistant,corporate associate / hr assistant_-1,role,"'benefits administration', 'billing', 'conference management', 'contract administration', 'form design', 'insurance', 'internet research', 'patient safety', 'telephone skills', 'policy development', 'presentation skills', 'pricing strategy', 'public relations (pr)', 'purchasing', 'scheduling', 'appointment scheduling', 'staffing', 'transportation logistics'"
corporate engineering support technician,corporate engineering support technician_-1,role,"'aaa security model', 'data access', 'active directory', 'anti-virus software', 'apple products', 'call center operations', 'ccna', 'command line interface (cli)', 'component object model (com)', 'critical thinking', 'root cause analysis', 'dynamic host configuration protocol (dhcp)', 'domain name system (dns)', 'microsoft edge', 'email communication', 'data encryption', 'file structures', 'form design', 'help desk support', 'modem configuration', 'open shortest path first (ospf)', 'microsoft powerpoint', 'router configuration', 'solidworks', 'secure sockets layer (ssl)', 'database tables', 'video conferencing', 'voice over ip (voip)'"
corporate engineering support technician,corporate engineering support technician_1,role,"'group policy', 'council management', 'insurance', 'policy development'"
corporate engineering support technician,corporate engineering support technician_0,role,"'software proficiency', 'basic computer skills', 'border gateway protocol (bgp)', 'browser support', 'cd-rom media', 'cisco', 'dell systems', 'firewall administration', 'hp hardware', 'network security', 'network troubleshooting', 'local area network (lan)', 'laptop repair', 'linux administration', 'mobile device support', 'windows installer (msi)', 'computer networking', 'operating systems', 'printer support', 'routing protocols', 'software installation', 'network switching', 'tcp/ip networking', 'technical support', 'virtual private network (vpn)', 'wide area network (wan)', 'windows 7'"
corporate process/systems engineering manager,corporate process/systems engineering manager_3,role,"'analytical skills', 'calculator skills'"
corporate process/systems engineering manager,corporate process/systems engineering manager_1,role,"'apple products', 'apple lion', 'apple numbers', 'apple pages'"
corporate process/systems engineering manager,corporate process/systems engineering manager_4,role,"'.net', 'microsoft access', 'microsoft project', 'microsoft visio', 'powersteering software', 'software training', 'vb.net', 'microsoft visual studio'"
corporate process/systems engineering manager,corporate process/systems engineering manager_-1,role,"'business objects', 'coaching', 'complex problem solving', 'cascading style sheets (css)', 'dmaic methodology', 'graphical user interface (gui) design', 'java programming', 'keynote', 'lean manufacturing', 'process flow diagram (pfd)', 'purchasing', 'reliability-centered maintenance (rcm)', 're-engineering', 'judgment', 'supervision', 'tango', 'user support', 'water treatment'"
corporate process/systems engineering manager,corporate process/systems engineering manager_2,role,"'change management', 'continuous improvement', 'facilities management', 'policy development', 'business process improvement'"
corporate process/systems engineering manager,corporate process/systems engineering manager_0,role,"'financial reporting', 'record keeping', 'report generation'"
corporate tax analyst,corporate tax analyst_-1,role,"'financial research', 'oracle database', 'quickbooks'"
cto,cto_1,role,"'camera operation', 'medical imaging', 'computer vision'"
cto,cto_-1,role,"'closing procedures', 'component object model (com)', 'content creation', 'credit analysis', 'driving', 'recruiting', 'messaging systems', 'presentation skills', 'radio communications', 'receiving', 'shipping and receiving', 'storytelling', 'technical support', 'venture capital'"
cto,cto_2,role,"'contract management', 'database administration', 'software developer', 'feature engineering', 'finance', 'insurance', 'market planning', 'new product development', 'order management', 'policy development', 'pricing strategy', 'procurement', 'product development', 'product management', 'product marketing', 'program management', 'retail operations', 'sales management', 'utilities management', 'workflow management'"
cto,cto_0,role,"'data migration', 'data encryption', 'data interpretation'"
cto & founder,cto & founder_1,role,"'camera operation', 'medical imaging', 'computer vision'"
cto & founder,cto & founder_-1,role,"'closing procedures', 'component object model (com)', 'content creation', 'credit analysis', 'driving', 'recruiting', 'messaging systems', 'presentation skills', 'radio communications', 'receiving', 'shipping and receiving', 'storytelling', 'technical support', 'venture capital'"
cto & founder,cto & founder_2,role,"'contract management', 'database administration', 'software developer', 'feature engineering', 'finance', 'insurance', 'market planning', 'new product development', 'order management', 'policy development', 'pricing strategy', 'procurement', 'product development', 'product management', 'product marketing', 'program management', 'retail operations', 'sales management', 'utilities management', 'workflow management'"
cto & founder,cto & founder_0,role,"'data migration', 'data encryption', 'data interpretation'"
customer care consultant,customer care consultant_0,role,"'analytical skills', 'designer 2000', 'software developer', 'form design', 'proposal writing'"
customer care consultant,customer care consultant_1,role,"'billing', 'closing procedures', 'credit analysis', 'debit accounting', 'delivery management', 'finance', 'full product lifecycle management', 'fund management', 'general ledger accounting', 'policy development', 'business process improvement', 'research support', 'scheduling', 'tax preparation', 'tax accounting', 'utilities management'"
customer care consultant,customer care consultant_2,role,"'data entry', 'data fetching', 'oracle database', 'sql', 'database tables'"
customer care consultant,customer care consultant_-1,role,"'microsoft word', 'month-end close', 'os/2', 'reading comprehension', 'real estate', 'report generation', 'system integration', 'telephone skills'"
customer service call center manager,customer service call center manager_-1,role,"'competitive analysis', 'content creation', 'contract management', 'fashion design', 'functional testing', 'marketing materials', 'computer networking', 'telephone skills', 'progress software', 'sales promotions', 'sales techniques'"
customer service professional,customer service professional_0,role,"'data access', 'conflict management'"
customer service professional,customer service professional_-1,role,'lighting design'
customer service professional,customer service professional_1,role,"'geographic information systems (gis)', 'microsoft powerpoint'"
customer service rep,customer service rep_-1,role,"'data warehousing', 'team building', 'pr software', 'ibm db2', 'computer programming', 'crm software', 'mathematics', 'sensor technology', 'microsoft access', 'accounts receivable', 'algebra', 'desktop publishing'"
customer service representative,customer service representative_0,role,"'microsoft project', 'adobe illustrator', 'microsoft visio'"
customer service representative,customer service representative_-1,role,"'office administration', 'team building', 'mathematics', 'medical devices', 'algebra', 'remedy itsm', 'digital logic', 'ibm db2', 'verilog hdl', 'software as a service (saas)', 'apache spark', 'windows 2000 server administration', 'manual testing', 'peripheral installation', 'conflict management', 'root cause analysis', 'business processes', '.net', 'adobe photoshop', 'jvs system', 'vbscript', 'chemistry', 'data warehousing', 'robotics', 'sensor technology', 'microsoft access'"
customer service representative,customer service representative_1,role,"'pascal programming', 'object-oriented programming (oop)', 'computer programming', 'java programming'"
customer service representative,customer service representative_2,role,"'linux administration', 'operating systems', 'unix'"
customer service representative / call center,customer service representative / call center_-1,role,"'competitive analysis', 'content creation', 'contract management', 'fashion design', 'functional testing', 'marketing materials', 'computer networking', 'telephone skills', 'progress software', 'sales promotions', 'sales techniques'"
data analyst,data analyst_0,role,"'data processing', 'data migration', 'predictive modeling', 'predictive analytics', 'business intelligence (bi)', 'exploratory data analysis', 'data visualization', 'computer vision', 'artificial intelligence', 'data warehousing', 'sql', 'logistic regression'"
data analyst,data analyst_-1,role,"'team building', 'scikit-learn', 'pandas (python library)', 'pyspark', 'r programming', 'ibm watson', 'statistics', 'data validation', 'root cause analysis', 'cascading style sheets (css)', 'natural language processing (nlp)', 'power bi', 'chemistry', 'tableau', 'opencv', 'postgresql', 'sensor technology', 'time series analysis'"
data analyst,data analyst_1,role,"'mathematics', 'algebra', 'geometry'"
data analyst (intern),data analyst (intern)_-1,role,"'presentation skills', 'financial reporting', 'cross-functional team leadership', 'business analysis mentoring', 'document reporting', 'fast learner', 'microsoft project', 'negotiation', 'oracle database', 'organization skills', 'project coordination', 'public speaking', 'statistical package for the social sciences (spss)'"
data analyst intern,data analyst intern_-1,role,"'l1/l2 regularization', 'power bi', 'r programming', 'tableau'"
data consultant,data consultant_-1,role,"'artificial intelligence', 'data warehousing', 'sql'"
data engineer,data engineer_1,role,"'linear regression', 'predictive modeling', 'logistic regression'"
data engineer,data engineer_-1,role,"'computer vision', 'team building', 'physics', 'devops', 'natural language processing (nlp)', 'algebra'"
data engineer,data engineer_2,role,"'business intelligence (bi)', 'data warehousing', 'multivariate analysis', 'postgresql', 'data storage', 'sql', 'nosql databases', 'big data analytics'"
data engineer,data engineer_0,role,"'r programming', 'java programming', 'perl programming'"
data engineer associate,data engineer associate_-1,role,"'data visualization', 'mongodb', 'power bi', 'predictive modeling'"
data evangelist,data evangelist_-1,role,"'azure databricks', 'data manipulation', 'power bi', 'pyspark', 'r programming', 'sql'"
data manager,data manager_-1,role,"'data gathering', 'predictive analytics'"
data managerial intern,data managerial intern_-1,role,"'data science', 'data visualization', 'natural language processing (nlp)', 'r programming', 'sql'"
data processing junior intern,data processing junior intern_-1,role,"'keras', 'natural language processing (nlp)', 'numpy', 'pandas (python library)', 'pyspark', 'scikit-learn'"
data programmer,data programmer_-1,role,"'data visualization', 'objective analysis', 'tableau'"
data scientist,data scientist_-1,role,"'team building', 'algebra', 'pyspark', 'process flow analysis', 'fraud detection', 'statistics', 'kubeflow', 'visual basic for applications (vba)', 'natural language processing (nlp)', 'credit risk analysis', 'power bi', 'chemistry', 'tableau', 'opencv', 'hindi language', 'mongodb', 'sensor technology', 'sql', 'matlab', 'time series analysis', 'logistic regression', 'keras'"
data scientist,data scientist_1,role,"'computer programming', 'pattern recognition', 'mathematics', 'business intelligence (bi)', 'r programming', 'data science', 'data visualization', 'scala programming', 'computer vision', 'c# programming', 'physics', 'regression analysis', 'artificial intelligence', 'data warehousing', 'java programming', 'nosql databases', 'market basket analysis'"
data scientist,data scientist_2,role,"'investment research', 'capital markets', 'market research'"
data scientist,data scientist_0,role,"'business processes', 'business solutions', 'business strategy'"
data scientist   analytics & insights,data scientist   analytics & insights_-1,role,"'data integration', 'data science', 'flask (python framework)', 'natural language processing (nlp)', 'predictive analytics', 'sql'"
data strategy and delivery specialist,data strategy and delivery specialist_-1,role,"'chatbot development', 'data science', 'apache kafka', 'keras', 'kubernetes', 'natural language processing (nlp)'"
data strategy and delivery specialist,data strategy and delivery specialist_1,role,"'pyspark', 'apache spark'"
data strategy and delivery specialist,data strategy and delivery specialist_0,role,"'pytorch', 'scikit-learn'"
deep learning engineer intern,deep learning engineer intern_0,role,"'credit risk modeling', 'fraud detection'"
deep learning engineer intern,deep learning engineer intern_-1,role,"'linux administration', 'natural language processing (nlp)', 'pyspark', 'r programming'"
deep learning engineer intern,deep learning engineer intern_1,role,"'portfolio analysis', 'predictive analytics'"
department supervisor/planner,department supervisor/planner_-1,role,"'content management system (cms)', 'delivery management', 'manufacturing engineering', 'manufacturing resource planning (mrp)', 'microsoft powerpoint', 'protel pcb design', 'purchasing', 'receiving', 'router configuration', 'scheduling', 'shipping and receiving', 'supervision', 'test equipment', 'electrical wiring'"
deputy data analyst,deputy data analyst_-1,role,"'data visualization', 'linear regression', 'predictive modeling', 'regression analysis', 'sql', 'tableau'"
design engineer,design engineer_-1,role,"'team building', 'material testing', 'algebra', 'pandas (python library)', 'bluehill testing software', 'labview', 'statistics', 'root cause analysis', 'sensor technology', 'ansys', 'al gore fea', 'pneumatics', 'sql', 'logistic regression'"
design engineer,design engineer_1,role,"'computer programming', 'plastics manufacturing', 'new product development', 'lean manufacturing', 'solidworks', 'pro/engineer'"
design engineer,design engineer_2,role,"'numpy', 'matlab'"
design engineer,design engineer_0,role,"'civil engineering', 'physics'"
developer,developer_0,role,"'computer vision', 'computer programming', 'data science', 'scikit-learn'"
developer,developer_-1,role,"'conflict management', 'big data analytics', 'data migration', 'team building', 'devops', 'matplotlib', 'java programming', 'bert', 'support vector machines (svm)', 'microsoft access', 'natural language processing (nlp)', 'sql', 'apache spark', 'flask (python framework)'"
developer,developer_1,role,"'pandas (python library)', 'pyspark'"
developer engineer,developer engineer_0,role,'predictive modeling'
"development designer, mechanical engineer, senior mechanical engineer","development designer, mechanical engineer, senior mechanical engineer_-1",role,"'construction management', 'facility modifications', 'recruiting', 'quality inspection', 'laser technology', 'negotiation', 'paper converting equipment operation', 'business process improvement', 'simulation', 'statistical process control (spc)', 'supervision'"
development engineer(solutions),development engineer(solutions)_-1,role,"'c# programming', 'eda software', 'matlab', 'natural language processing (nlp)', 'predictive modeling', 'sql'"
dining room attendant,dining room attendant_0,role,'cpr/first aid certified'
directed study,directed study_-1,role,"'julia programming', 'latex', 'linux administration', 'mac os x', 'matlab', 'r programming', 'weka'"
director,director_-1,role,"'request for proposal (rfp)', 'mentoring', 'chemistry', 'data warehousing', 'team building', 'relationship management', 'ibm db2', 'contract administration', 'billing', 'government regulations', 'invoicing', 'bookkeeping', 'delivery management', 'technical authoring', 'policy development', 'sales management', 'directing', 'staffing'"
director business development,director business development_0,role,"'contract negotiation', 'business development'"
director business development,director business development_-1,role,"'key account management', 'npi/jdm/odm'"
director business development,director business development_1,role,"'profit and loss (p&l) management', 'pricing'"
director of business development,director of business development_2,role,"'change management', 'account management', 'sales management', 'sales forecasting', 'vendor management', 'sales presentations', 'technical sales', 'brand management', 'advertising'"
director of business development,director of business development_-1,role,"'public relations (pr)', 'cold calling', 'presentation skills', 'chemistry', 'report generation', 'messaging systems', 'data warehousing', 'team building', 'pascal programming', 'competitive analysis', 'media relations', 'geometry', 'profit improvement', 'benefits administration', 'direct mail marketing', 'voice over ip (voip)', 'training materials', 'adobe illustrator', 'computer vision', 'real estate', '.net', 'adobe photoshop', 'purchasing', 'fast learner'"
director of business development,director of business development_1,role,"'client development', 'android development', 'business development', 'client engagement', 'content development', 'client support', 'business process improvement'"
director of business development,director of business development_0,role,"'works software', 'computer programming', 'software as a service (saas)'"
director of business development,director of business development_3,role,"'market expansion', 'market positioning', 'market research'"
director of engineering,director of engineering_-1,role,"'focus erp', 'venture capital', 'shipping and receiving', 'messaging systems', 'driving', 'electrical wiring', 'physics', 'performance reviews', 'california regulations', 'year-end processing', 'test equipment', 'closing procedures', 'credit analysis', 'hand tool operation', 'reading comprehension', 'content creation', 'presentation skills', 'mathematics', 'radio communications', 'first aid', 'recruiting', 'component object model (com)', 'plumbing', 'storytelling', 'hvac systems', 'carpentry', 'technical support'"
director of engineering,director of engineering_2,role,"'supervision', 'product management', 'skills', 'utilities management', 'product development', 'sales management', 'new product development', 'order management', 'apple products', 'record keeping', 'procurement', 'program management', 'meeting management', 'pricing strategy', 'market planning', 'property management', 'retail operations', 'workflow management', 'bookkeeping', 'contract management', 'database administration', 'insurance', 'product marketing', 'feature engineering', 'policy development', 'purchasing', 'finance'"
director of engineering,director of engineering_1,role,"'document scanning', 'camera operation', 'medical imaging', 'computer vision'"
director of engineering,director of engineering_0,role,"'data interpretation', 'data encryption', 'data migration'"
director of franchise sales,director of franchise sales_0,role,"'advertising', 'brand management', 'business development', 'competitive analysis', 'content development', 'market research', 'outside sales', 'market positioning', 'purchasing', 'technical sales', 'works software'"
director of franchise sales,director of franchise sales_-1,role,"'benefits administration', 'client support', 'fast learner', 'media relations', 'messaging systems', 'presentation skills', 'business process improvement', 'real estate', 'report generation', 'training materials'"
director of franchise sales,director of franchise sales_1,role,"'adobe illustrator', 'adobe photoshop', 'computer vision'"
director of quality assurance,director of quality assurance_0,role,"'c# programming', 'java programming', 'objective-c programming', 'quest software'"
director of quality assurance,director of quality assurance_1,role,"'cd-rom media', 'device drivers', 'mac os', 'multimedia production', 'operating systems', 'policy development', 'product development', 'usb technology', 'windows vista'"
director of quality assurance,director of quality assurance_-1,role,"'ceridian hris', 'cisco', 'cost reduction', 'functional testing', 'intel processors', 'linux administration', 'printer support', 'document scanning', 'scheduling', 'sound card configuration', 'sun microsystems', 'data validation'"
director of quality assurance,director of quality assurance_2,role,"'quality inspection', 'business process improvement'"
director of sales,director of sales_-1,role,"'team building', 'account management', 'profit and loss (p&l) management', 'software as a service (saas)', 'key account management', 'contract negotiation', 'business development', 'public relations (pr)', 'npi/jdm/odm', 'pricing', 'sensor technology', 'microsoft access'"
director of sales operations and business development,director of sales operations and business development_-1,role,"'business development', 'sales management'"
director software development,director software development_1,role,"'camera operation', 'medical imaging', 'computer vision'"
director software development,director software development_-1,role,"'closing procedures', 'component object model (com)', 'content creation', 'credit analysis', 'driving', 'recruiting', 'messaging systems', 'presentation skills', 'radio communications', 'receiving', 'shipping and receiving', 'storytelling', 'technical support', 'venture capital'"
director software development,director software development_2,role,"'contract management', 'database administration', 'software developer', 'feature engineering', 'finance', 'insurance', 'market planning', 'new product development', 'order management', 'policy development', 'pricing strategy', 'procurement', 'product development', 'product management', 'product marketing', 'program management', 'retail operations', 'sales management', 'utilities management', 'workflow management'"
director software development,director software development_0,role,"'data migration', 'data encryption', 'data interpretation'"
"director, business development","director, business development_-1",role,"'demand generation', 'ibm db2', 'geometry', 'client engagement', 'data storage', 'interoperability', 'analytical skills', 'it support', 'government experience', 'software as a service (saas)'"
"director, national and strategic accounts   digital and applied imaging group","director, national and strategic accounts   digital and applied imaging group_-1",role,"'analytical skills', 'client engagement', 'data storage', 'demand generation', 'government experience', 'interoperability'"
dispatch assistant,dispatch assistant_-1,role,"'data entry', 'device drivers', 'focus erp', 'form design', 'microsoft publisher'"
dispatch assistant,dispatch assistant_1,role,"'dispatching', 'scheduling', 'supervision', 'time management', 'transportation logistics'"
dispatch assistant,dispatch assistant_0,role,"'telephone skills', 'quick learner'"
distributed computer systems analyst / network administrator,distributed computer systems analyst / network administrator_0,role,"'business development', 'configuration management', 'contract management', 'delivery management', 'direct sales', 'marketing materials', 'business process improvement'"
distributed computer systems analyst / network administrator,distributed computer systems analyst / network administrator_-1,role,"'environmental health and safety (ehs)', 'instructor', 'network installation', 'radar systems'"
distributed computer systems analyst / network administrator,distributed computer systems analyst / network administrator_1,role,"'information security', 'insurance', 'computer networking'"
district administrative manager,district administrative manager_0,role,"'accounts payable', 'billing'"
district administrative manager,district administrative manager_-1,role,"'accounts receivable', 'adjustments', 'administrative management', 'annuities', 'balance sheet preparation', 'cash handling', 'clerical skills', 'closing procedures', 'certified public accountant (cpa)', 'credit analysis', 'crime scene investigation (csi)', 'direct sales', 'food safety', 'government contracts', 'life insurance', 'merchandising', 'sales reporting', 'computer networking', 'procedure writing', 'public relations (pr)', 'receptionist duties', 'reconciliation', 'shipping and receiving', 'software training', 'team building', 'telephone skills'"
district administrative manager,district administrative manager_3,role,"'automated payroll processing', 'order processing', 'payroll processing'"
district administrative manager,district administrative manager_1,role,"'bookkeeping', 'general ledger accounting'"
district administrative manager,district administrative manager_2,role,"'contract management', 'staffing'"
documentation analyst,documentation analyst_-1,role,"'presentation skills', 'financial reporting', 'cross-functional team leadership', 'business analysis mentoring', 'document reporting', 'fast learner', 'microsoft project', 'negotiation', 'oracle database', 'organization skills', 'project coordination', 'public speaking', 'statistical package for the social sciences (spss)'"
electrical apprentice,electrical apprentice_-1,role,"'basic computer skills', 'california regulations', 'carpentry', 'conversion rate optimization (cro)', 'direction', 'equipment installation', 'fax machine operation', 'form design', 'global positioning system (gps)', 'quality inspection', 'laboratory testing', 'maple software', 'naval operations', 'novell directory services (nds)', 'open source software (oss)', 'market positioning', 'record keeping', 'storage area network (san)', 'security clearance', 'scheduling', 'data sorting', 'technical support'"
electrical apprentice,electrical apprentice_2,role,"'broadcast engineering', 'cabling systems', 'chiller systems', 'electrical systems', 'hvac systems', 'computer networking', 'radio communications', 'transmission systems', 'ultra high frequency (uhf)', 'very high frequency (vhf)'"
electrical apprentice,electrical apprentice_0,role,"'council management', 'government regulations'"
electrical apprentice,electrical apprentice_3,role,"'lighting design', 'power supply design'"
electrical apprentice,electrical apprentice_1,role,"'plumbing', 'welding'"
electrical design engineer,electrical design engineer_-1,role,"'scheduling', 'visual basic', 'xilinx ise', 'motorola systems', 'renovation', 'direct current (dc)', 'autodesk inventor', 'instructional design', 'allen bradley rslogix', 'wago codesys', 'pspice', 'vhdl', 'adobe flash', 'simulation', 'siemens step 7', 'sensor technology', 'proposal writing', 'switchgear', 'cabling systems', 'data validation', 'tendering', 'functional testing', 'business process improvement'"
electrical design engineer,electrical design engineer_1,role,"'power distribution systems', 'psim software', 'power generation', 'easypower software', 'hvac systems'"
electrical design engineer,electrical design engineer_0,role,"'hp hardware', 'computer programming', 'labview', 'intel processors', 'java programming', 'structured programming', 'matlab', 'iec 61131 programming'"
electrical engineer,electrical engineer_0,role,"'electrical systems', 'power distribution systems', 'systems engineering', 'computer programming'"
electrical engineer,electrical engineer_-1,role,"'conflict management', 'peer review', 'direct current (dc)', 'team building', 'microsoft visio', 'access control', 'military experience', 'procurement', 'control systems', 'cmpro software', 'project planning', 'ibm rational doors', 'sensor technology', 'power supply design', 'pneumatics', 'delivery management', 'proposal writing', 'naval operations', 'statistics', 'continuous improvement', 'presentation skills', 'functional testing', 'leadership development'"
electrical engineer,electrical engineer_1,role,"'c# programming', 'microsoft project'"
electrical engineering lab technician,electrical engineering lab technician_-1,role,"'atm operation', 'california regulations', 'direct current (dc)', 'linux administration', 'mentoring', 'power supply design', 'purchasing', 'signal generators', 'sonet', 't1 lines', 'data validation'"
electrical engineering lab technician,electrical engineering lab technician_1,role,"'cadence design systems', 'layout design'"
electrical engineering lab technician,electrical engineering lab technician_0,role,"'calibration', 'labview', 'orcad', 'oscilloscope operation', 'procurement', 'test equipment', 'data visualization'"
electrical engineering lab technician,electrical engineering lab technician_2,role,"'ethernet networking', 'computer networking', 'router configuration', 'network switching'"
electrical engineering technician and pcb layout designer,electrical engineering technician and pcb layout designer_-1,role,"'atm operation', 'california regulations', 'direct current (dc)', 'linux administration', 'mentoring', 'power supply design', 'purchasing', 'signal generators', 'sonet', 't1 lines', 'data validation'"
electrical engineering technician and pcb layout designer,electrical engineering technician and pcb layout designer_1,role,"'cadence design systems', 'layout design'"
electrical engineering technician and pcb layout designer,electrical engineering technician and pcb layout designer_0,role,"'calibration', 'labview', 'orcad', 'oscilloscope operation', 'procurement', 'test equipment', 'data visualization'"
electrical engineering technician and pcb layout designer,electrical engineering technician and pcb layout designer_2,role,"'ethernet networking', 'computer networking', 'router configuration', 'network switching'"
electrical power generation equipment repairer technician,electrical power generation equipment repairer technician_-1,role,"'electrical component repair', 'electrical equipment operation', 'equipment installation', 'electrostatic discharge (esd) control', 'fabrication', 'functional testing', 'live electrical work', 'lockout/tagout (loto)', 'mechanical repair', 'oil servicing', 'power generation', 'soldering', 'solenoid valves'"
electrical superintendent,electrical superintendent_0,role,"'apple computers', 'wonderware'"
electrical superintendent,electrical superintendent_1,role,"'basic computer skills', 'computer networking', 'pearl programming', 'pick programming language', 'computer programming'"
electrical superintendent,electrical superintendent_-1,role,"'blueprint reading', 'california regulations', 'critical thinking', 'direct current (dc)', 'directing', 'access control', 'equipment installation', 'filling operations', 'fire protection systems', 'food safety', 'functional testing', 'hammer operation', 'labor relations', 'maintenance scheduling', 'manufacturing systems integration', 'microsoft access', 'windows nt server', 'microwave engineering', 'naval operations', 'national electrical code (nec)', 'novell netware', 'oil industry', 'plumbing', 'progress software', 'project support', 'proposal writing', 'record keeping', 'report generation', 'supervisory control and data acquisition (scada)', 'supervision', 'network switching', 'technical review', 'technical support', 'ultra high frequency (uhf)', 'data validation', 'data visualization', 'water quality testing'"
electrical superintendent,electrical superintendent_2,role,"'conceptual design', 'design and construction', 'engineering operations', 'form design', 'instructional design', 'layout design', 'survey design'"
electrical superintendent,electrical superintendent_3,role,"'contract management', 'delivery management', 'staffing', 'team management', 'time management', 'utilities management'"
electrical superintendent,electrical superintendent_4,role,"'electrical systems', 'hvac systems', 'power distribution systems', 'transmission systems'"
electrical superintendent,electrical superintendent_5,role,"'radio communications', 'very high frequency (vhf)'"
electrical/mechanical foreman,electrical/mechanical foreman_-1,role,"'basic computer skills', 'california regulations', 'carpentry', 'conversion rate optimization (cro)', 'direction', 'equipment installation', 'fax machine operation', 'form design', 'global positioning system (gps)', 'quality inspection', 'laboratory testing', 'maple software', 'naval operations', 'novell directory services (nds)', 'open source software (oss)', 'market positioning', 'record keeping', 'storage area network (san)', 'security clearance', 'scheduling', 'data sorting', 'technical support'"
electrical/mechanical foreman,electrical/mechanical foreman_2,role,"'broadcast engineering', 'cabling systems', 'chiller systems', 'electrical systems', 'hvac systems', 'computer networking', 'radio communications', 'transmission systems', 'ultra high frequency (uhf)', 'very high frequency (vhf)'"
electrical/mechanical foreman,electrical/mechanical foreman_0,role,"'council management', 'government regulations'"
electrical/mechanical foreman,electrical/mechanical foreman_3,role,"'lighting design', 'power supply design'"
electrical/mechanical foreman,electrical/mechanical foreman_1,role,"'plumbing', 'welding'"
electrician,electrician_0,role,"'blueprint reading', 'record keeping'"
electrician,electrician_1,role,"'electrical systems', 'windows nt server', 'equipment installation', 'utilities management', 'supervisory control and data acquisition (scada)', 'computer networking', 'power distribution systems', 'novell netware', 'computer programming', 'microwave engineering', 'very high frequency (vhf)', 'direct current (dc)', 'wonderware', 'instructional design', 'national electrical code (nec)', 'design and construction', 'survey design', 'layout design', 'fire protection systems', 'apple computers', 'filling operations', 'conceptual design', 'radio communications', 'ultra high frequency (uhf)', 'microsoft access', 'contract management', 'transmission systems', 'delivery management', 'basic computer skills', 'hammer operation', 'data visualization', 'plumbing', 'maintenance scheduling', 'hvac systems', 'directing', 'technical support'"
electrician,electrician_-1,role,"'labor relations', 'california regulations', 'food safety', 'water quality testing', 'data validation'"
electromechanical technician,electromechanical technician_-1,role,"'ac/dc circuit analysis', 'circuit design with multisim', 'electronic component identification', 'transmission'"
electronic technician,electronic technician_-1,role,"'scheduling', 'business process improvement', 'technical support', 'quality inspection'"
engineer,engineer_2,role,"'scheduling', 'visual basic', 'toyota production system (tps)', 'product development', 'manufacturing', 'standard operating procedures (sop)', 'microsoft project', 'computer programming', 'microsoft powerpoint', 'technical program management', 'commissioning', 'microsoft visio', 'product management', 'welding', 'survey design', 'agency management', 'reliability engineering', 'lean manufacturing', 'r programming', 'computer numerical control (cnc)', 'engineering resource management', 'pro/engineer', 'solution architecture', 'production part approval process (ppap)', 'quality control circle (qcc)', 'java programming', 'packaging design', 'manufacturing yield improvement', 'design verification plan and report (dvp&r)', 'supervision', 'quality inspection', 'solidworks', 'market development', 'team management', 'vendor management', 'microsoft access'"
engineer,engineer_-1,role,"'apqp', 'internal audit', 'critical thinking', 'key performance indicators (kpis)', '8d problem solving', 'cleaning in place (cip)', 'geometric dimensioning and tolerancing (gd&t)', 'ims database', 'ansys', 'creo parametric', 'kaizen methodology', 'calibration', 'dialysis', 'data validation', 'functional testing', 'minitab', 'statgraphics', 'injection molding', 'waste reduction', 'direction'"
engineer,engineer_0,role,"'kanban', 'sap r/3'"
engineer,engineer_3,role,"'prioritization', 'benchmarking'"
engineer,engineer_1,role,"'charting', 'trackwise'"
engineer technician,engineer technician_-1,role,"'account balancing', 'capital expenditures (capex)', 'civil engineering', 'contract management', 'direct current (dc)', 'design and construction', 'expense reporting', 'cash handling', 'meeting management', 'microstation', 'microsoft powerpoint', 'microsoft word', 'peak analysis', 'contract preparation', 'prime contract management', 'project planning', 'record keeping', 'technical specifications', 'transportation logistics', 'utilities management'"
engineering and quality technician,engineering and quality technician_-1,role,"'.net', 'environmental protection', 'environmental science', 'meeting management', 'natural language processing', 'business process improvement', 'shipping and receiving', 'tableau', 'technical support'"
engineering and quality technician,engineering and quality technician_1,role,"'c# programming', 'progress software'"
engineering and quality technician,engineering and quality technician_0,role,"'curriculum development', 'instructor', 'lecturing'"
engineering and quality technician,engineering and quality technician_2,role,"'data warehousing', 'database design', 'geographic information systems (gis)', 'oracle database', 'statistical package for the social sciences (spss)', 'sql', 'statistics'"
engineering assistance supervisor,engineering assistance supervisor_-1,role,"'adaptability', 'building commissioning', 'drilling engineering', 'leadership development'"
engineering assistant,engineering assistant_0,role,"'teamwork', 'accounting software', 'artistic skills', 'assistance', 'account balancing', 'civil engineering', 'computer numerical control (cnc)', 'contract management', 'interior decorating', 'design and construction', 'development', 'access control', 'design verification plan and report (dvp&r)', 'electrical systems', 'engineering operations', 'expense reporting', 'forklift operation', 'form design', 'cash handling', 'java programming', 'lean manufacturing', 'lfacs system', 'logo design', 'manufacturing systems integration', 'meeting management', 'microsoft powerpoint', 'microsoft word', 'naval operations', 'event planning', 'office switchboard operation', 'oil industry', 'sales skills', 'packaging design', 'pearl programming', 'pick programming language', 'production part approval process (ppap)', 'contract preparation', 'prime contract management', 'business process improvement', 'product development', 'computer programming', 'progress software', 'project planning', 'project support', 'proposal writing', 'quality control circle (qcc)', 'quick learner', 'r programming', 'record keeping', 'reliability engineering', 'report generation', 'technical specifications', 'survey design', 'network switching', 'team management', 'technical review', 'time management', 'tirks system', 'toyota production system (tps)', 'traffic control systems', 'transportation logistics', 'utilities management', 'event management', 'welding', 'workforce management systems', 'works software'"
engineering assistant,engineering assistant_-1,role,"'adtran networking equipment', 'ansys', 'apqp', 'attention to detail', 'blueprint reading', 'capital expenditures (capex)', 'ccp', 'critical thinking', 'direct current (dc)', 'dependability', 'determination', 'functional testing', 'geometric dimensioning and tolerancing (gd&t)', 'icgs/idds systems', 'issue resolution', 'kaizen methodology', 'kanban', 'lotus sametime', 'microstation', 'minitab', 'next.js', 'plat indexes', 'manual dexterity', 'reading comprehension', 'requestnet', 'ringbuilder software', 'data validation', 'window installation', 'wsam image'"
engineering assistant,engineering assistant_1,role,"'benchmarking', 'fast learner', 'key performance indicators (kpis)', 'peak analysis'"
engineering business unit leader,engineering business unit leader_-1,role,"'electrical mechanical systems', 'engineering economy', 'industrial electricity', 'instrumentation and control systems'"
engineering coordinator,engineering coordinator_-1,role,"'sap ios sdk', 'sensor technology', 'sap materials management (mm)', 'royalty management', 'sap time management', 'purchasing card management', 'travel arrangements'"
engineering intern,engineering intern_2,role,"'supervision', 'mentoring', 'process capability analysis', 'supervisory skills', 'organization skills', 'administrative skills', 'directing'"
engineering intern,engineering intern_5,role,"'pro/engineer', 'system configuration', 'systems engineering', 'systems tool kit (stk)'"
engineering intern,engineering intern_1,role,"'dmaic methodology', 'research and development (r&d)'"
engineering intern,engineering intern_3,role,"'digital logic', 'instructional design', 'logic analyzers', 'schematic reading'"
engineering intern,engineering intern_6,role,"'microsoft powerpoint', 'c# programming', 'microsoft word', 'microsoft visual studio', 'visual basic', 'microsoft project'"
engineering intern,engineering intern_-1,role,"'oscilloscope operation', 'reconciliation', 'autodesk inventor', 'progress software', 'dcs', 'verilog hdl', 'law enforcement', 'value stream mapping', 'lean manufacturing', 'know your customer (kyc)', 'natural gas operations', 'active noise cancelling', 'r programming', 'pspice', 'reading comprehension', 'root cause analysis', '5s methodology', 'statistical process control (spc)', 'cascading style sheets (css)', 'powerworld simulator', 'simulation', 'tube furnaces', 'helioscope software', 'mac os', 'analog and digital filter design', 'fmea', 'gage repeatability and reproducibility (gage r&r)', 'mathcad', 'etap electrical power system analysis software', 'ansys', 'sales promotions', 'kaizen methodology', 'sql', 'orcad', 'proposal writing', 'cost reduction', 'quality inspection', 'solar pv system design', 'engineering ethics', 'national electrical code (nec)', 'simulink', 'bluebeam revu', 'minitab', 'analysis of variance (anova)', 'cash receipts'"
engineering intern,engineering intern_7,role,"'latex', 'matlab'"
engineering intern,engineering intern_4,role,"'low voltage power systems', 'power systems analysis', 'low and high voltage systems'"
engineering intern,engineering intern_0,role,"'soldering', 'electrical drafting'"
engineering lab technician,engineering lab technician_0,role,"'ac/dc circuit analysis', 'electronic component identification'"
engineering lab technician,engineering lab technician_-1,role,"'circuit design with multisim', 'dasylab', 'lean manufacturing', 'transmission'"
engineering lab technician,engineering lab technician_1,role,"'labview', 'test stand fabrication'"
"engineering lab technician, sr. specialist","engineering lab technician, sr. specialist_-1",role,"'labview', 'lean manufacturing'"
engineering manager,engineering manager_1,role,"'device drivers', 'personal computers', 'product development', 'team building', 'product management', 'pascal programming', 'agency management', 'computer programming', 'system and organization controls (soc)', 'cd-rom media', 'product design', 'mac os', 'recruiting', 'basic computer skills', 'microsoft visio', 'embedded linux', 'linux administration', 'usb technology', 'windows vista', 'operating systems', 'lean manufacturing', 'gnu octave', 'market development', 'team management', 'statistical process control (spc)', 'supervision', 'microsoft word', 'solution architecture', 'construction management', 'crystal ball software', 'new product development', 'c# programming', 'cobol programming', 'decision-making', 'software development life cycle (sdlc)', 'control systems', 'mentoring', 'project planning', 'simulation', 'quest software', 'prolith modeling', 'microsoft project', 'fortran programming', 'objective-c programming', 'vendor management', 'microsoft powerpoint', 'robotics', 'microcontroller programming', 'intel processors', 'java programming', 'matlab', 'solidworks', 'policy development'"
engineering manager,engineering manager_-1,role,"'scheduling', 'goal achievement', 'document scanning', 'cost reduction', 'ceridian hris', 'autodesk inventor', 'prioritization', 'biotechnology', 'http live streaming (hls)', 'lotus notes', 'critical thinking', 'paper converting equipment operation', 'lead generation', 'sun microsystems', 'xml', 'content protection', 'tr-069', 'json', 'spc++', 'interpersonal communication', 'laser technology', 'cisco', 'java virtual machine (jvm)', 'dialysis', 'functional testing', 'sound card configuration', 'printer support', 'linux containers (lxc)', 'negotiation', 'soap', 'internal audit', 'data visualization', 'pneumatics', 'simple network management protocol (snmp)', 'data validation', 'direction'"
engineering manager,engineering manager_0,role,"'multimedia production', 'h.264 video compression', 'audio engineering', 'mpeg video compression', 'mp4 video format', 'digital video broadcasting (dvb)'"
engineering manager,engineering manager_2,role,"'business process improvement', 'facility modifications', 'quality inspection', 'continuous improvement'"
"engineering manager, architect","engineering manager, architect_0",role,"'solution architecture', 'team building', 'control systems', 'product development', 'device drivers', 'embedded linux', 'vendor management', 'java programming', 'java virtual machine (jvm)', 'lead generation', 'matlab', 'mentoring', 'microcontroller programming', 'project planning', 'software development life cycle (sdlc)', 'simple network management protocol (snmp)', 'system and organization controls (soc)'"
"engineering manager, architect","engineering manager, architect_1",role,"'digital video broadcasting (dvb)', 'h.264 video compression', 'http live streaming (hls)', 'mp4 video format', 'mpeg video compression'"
"engineering manager, architect","engineering manager, architect_-1",role,"'content protection', 'json', 'linux containers (lxc)', 'gnu octave', 'soap', 'tr-069'"
engineering manager/quality manager,engineering manager/quality manager_-1,role,"'process documentation', 'production management', 'vendor selection'"
engineering manager/senior mechanical designer,engineering manager/senior mechanical designer_0,role,"'computer numerical control (cnc)', 'mathematics', 'computer networking', 'computer programming'"
engineering manager/senior mechanical designer,engineering manager/senior mechanical designer_1,role,"'layout design', 'packaging design', 'presentation skills'"
engineering manager/senior mechanical designer,engineering manager/senior mechanical designer_-1,role,"'policy development', 'record keeping'"
engineering office clerk,engineering office clerk_-1,role,"'benefits administration', 'data entry', 'feature engineering', 'form design', 'geographic information systems (gis)', 'email communication', 'direct mail marketing', 'meeting management', 'microsoft word', 'record keeping', 'document scanning'"
engineering office clerk,engineering office clerk_1,role,"'clerical skills', 'office equipment operation', 'telephone skills', 'receptionist duties', 'retail operations'"
engineering office clerk,engineering office clerk_0,role,"'policy development', 'business process improvement'"
engineering planning manager,engineering planning manager_-1,role,"'content management system (cms)', 'delivery management', 'manufacturing engineering', 'manufacturing resource planning (mrp)', 'microsoft powerpoint', 'protel pcb design', 'purchasing', 'receiving', 'router configuration', 'scheduling', 'shipping and receiving', 'supervision', 'test equipment', 'electrical wiring'"
engineering program manager,engineering program manager_-1,role,"'leadership development', 'people development', 'process analysis', 'product management', 'program management', 'solution design'"
engineering project manager,engineering project manager_-1,role,"'focus erp', 'civil engineering', 'report generation', 'online advertising', 'shipping and receiving', 'salesforce', 'oracle database', 'proofreading', 'cabling systems', 'meeting facilitation', 'jira', 'proposal writing', 'workbench', 'data access', 'pick programming language', 'email communication', 'business process improvement', 'gantt chart scheduling', 'finance', 'dynamics ax'"
engineering project manager,engineering project manager_0,role,"'telephone skills', 'multi-line phone systems'"
engineering project manager,engineering project manager_3,role,"'supervision', 'scheduling', 'front office management', 'program management', 'meeting management'"
engineering project manager,engineering project manager_4,role,"'microsoft word', 'microsoft powerpoint', 'microsoft teams', 'microsoft access', 'microsoft project'"
engineering project manager,engineering project manager_2,role,"'billing', 'advertising'"
engineering project manager,engineering project manager_1,role,"'electronic & mechanical technology', 'technical support'"
engineering services manager,engineering services manager_0,role,"'apple computers', 'wonderware'"
engineering services manager,engineering services manager_2,role,"'basic computer skills', 'computer networking', 'computer programming'"
engineering services manager,engineering services manager_-1,role,"'blueprint reading', 'california regulations', 'direct current (dc)', 'directing', 'equipment installation', 'filling operations', 'fire protection systems', 'food safety', 'hammer operation', 'labor relations', 'maintenance scheduling', 'microsoft access', 'windows nt server', 'microwave engineering', 'national electrical code (nec)', 'novell netware', 'plumbing', 'record keeping', 'supervisory control and data acquisition (scada)', 'staffing', 'supervision', 'technical support', 'ultra high frequency (uhf)', 'data validation', 'data visualization', 'water quality testing'"
engineering services manager,engineering services manager_1,role,"'conceptual design', 'design and construction', 'instructional design', 'layout design', 'survey design'"
engineering services manager,engineering services manager_4,role,"'contract management', 'delivery management', 'utilities management'"
engineering services manager,engineering services manager_3,role,"'electrical systems', 'hvac systems', 'power distribution systems', 'radio communications', 'transmission systems', 'very high frequency (vhf)'"
engineering specialist,engineering specialist_-1,role,"'delivery management', 'leadership mentoring', 'performance tracking', 'robotics', 'security clearance'"
engineering specialist,engineering specialist_0,role,"'lighting design', 'power distribution systems'"
engineering specialist,engineering specialist_1,role,"'computer programming', 'project analysis', 'team building'"
engineering supervisor,engineering supervisor_-1,role,"'data access', 'adaptability', 'al gore fea', 'allen bradley rslogix', 'ansys', 'cash flow projections', 'conversion rate optimization (cro)', 'direct current (dc)', 'adobe flash', 'government contracting', 'jd edwards enterpriseone', 'sage peachtree', 'business process improvement', 'proposal writing', 'pspice', 'self-motivation', 'switchgear', 'tendering', 'data validation', 'wago codesys', 'microsoft word'"
engineering supervisor,engineering supervisor_1,role,"'solution architecture', 'material testing', 'bluehill testing software', 'building commissioning', 'cabling systems', 'drilling engineering', 'easypower software', 'engineering resource management', 'functional testing', 'hp hardware', 'hvac systems', 'iec 61131 programming', 'instructional design', 'intel processors', 'autodesk inventor', 'java programming', 'labview', 'leadership development', 'matlab', 'motorola systems', 'new product development', 'plastics manufacturing', 'power distribution systems', 'power generation', 'pro/engineer', 'computer programming', 'psim software', 'renovation', 'scheduling', 'siemens step 7', 'simulation', 'solidworks', 'structured programming', 'supervision', 'technical program management', 'commissioning', 'training program implementation', 'vendor management', 'vhdl', 'visual basic'"
engineering supervisor,engineering supervisor_0,role,"'billing', 'quickbooks'"
engineering systems installer,engineering systems installer_-1,role,"'network security', 'computer networking', 'technical support', 'computer programming', 'operating systems'"
engineering team lead,engineering team lead_0,role,"'.net', 'c# programming', 'iis 5.0', 'iis 6.0', 'objective-c programming', 'perl programming', 'php programming', 'vb.net'"
engineering team lead,engineering team lead_-1,role,"'cascading style sheets (css)', 'jquery', 'kanban', 'product owner', 'soap'"
engineering team lead,engineering team lead_1,role,"'data transformation services (dts)', 'sql server integration services (ssis)', 'sql server reporting services (ssrs)'"
engineering tech,engineering tech_-1,role,"'cpr/first aid certified', 'direction', 'first aid', 'intel processors', 'natural language processing', 'physics', 'microsoft powerpoint', 'pspice', 'public speaking', 'verilog hdl', 'vi text editor', 'windows 2000'"
engineering tech,engineering tech_0,role,"'data acquisition', 'digital design', 'electronics', 'fashion design', 'oscilloscope operation', 'sql', 'statistics', 'supervisory control and data acquisition (scada)', 'systems design'"
engineering tech,engineering tech_1,role,"'labview', 'matlab', 'vhdl'"
engineering technician,engineering technician_-1,role,"'global positioning system (gps)', 'record keeping', 'surface mount technology (smt)', 'market positioning', 'autodesk revit', 'self-motivation', 'fax machine operation', 'conversion rate optimization (cro)', 'security clearance', 'california regulations', 'frame analysis', 'lockout/tagout (loto)', 'reading comprehension', 'biotechnology', 'working at heights', 'electrostatic discharge (esd) control', 'microstation', 'plumbing', 'raid configuration', 'network interface cards (nics)', 'statistical package for the social sciences (spss)', 'shipping and receiving', 'validation', 'critical thinking', 'root cause analysis', 'router configuration', 'cross-functional collaboration', '5s methodology', 'decisiveness', 'apqp', 'first article inspection', 'novell directory services (nds)', 'solenoid valves', 'oracle database', 'downtime minimization', 'a+ certification', 'storage area network (san)', 'geometric dimensioning and tolerancing (gd&t)', 'measurement'"
engineering technician,engineering technician_0,role,"'scheduling', 'electrical systems', 'chemical engineering', 'standard operating procedures (sop)', 'fabrication', 'microsoft powerpoint', 'very high frequency (vhf)', 'digital equipment corporation (dec) systems', 'oscilloscope operation', 'government sell-offs', 'laboratory testing', 'welding', 'lighting design', 'meeting management', 'business communications', 'test equipment', 'council management', 'government regulations', 'rigging', 'medical devices', 'google docs', 'automotive engineering', 'maple software', 'power supply design', 'ieee standards', 'mechanical repair', 'basic computer skills', 'functional testing', 'renovation', 'engineering operations', 'soldering', 'business process improvement', 'carpentry', 'technical support', 'cabling systems', 'staffing', 'desktop support', 'naval operations', 'floor plan design', 'safety committee', 'engineering knowledge', 'multitasking', 'usability testing', 'broadcast engineering', 'power generation', 'equipment installation', 'lean manufacturing', 'electrical mechanical systems', 'technical planning', 'oil servicing', 'windows vista', 'complex problem solving', 'public relations (pr)', 'preventive maintenance', 'radar systems', 'supervisory skills', 'operating systems', 'email communication', 'entry level skills', 'printer management', 'quality inspection', 'client-server architecture', 'live electrical work', 'production processes', 'purchasing', 'electrical equipment operation', 'supervision', 'protocol execution', 'utilities management', 'messaging systems', 'electrical wiring', 'progress software', 'survey design', 'control systems', 'laptop repair', 'control system design', 'computer networking', 'mechanical technician', 'radio communications', 'open source software (oss)', 'packaging design', 'system integration', 'electrical component repair', 'engineering standards', 'schematic reading', 'presentation skills', 'mechanical processes', 'through-hole technology', 'technical specifications', 'server administration', 'humidity control', 'form design', 'hp netservers', 'hp hardware', 'document management testing', 'temperature control', 'conceptual design', 'chiller systems', 'sensor technology', 'solidworks', 'operations analysis', 'ultra high frequency (uhf)', 'microsoft access', 'transmission systems', 'facilities management', 'microsoft visio', 'pneumatics', 'calibration', 'computer sales', 'product improvement', 'hvac systems', 'strategic thinking', 'time management', 'file maintenance', 'arcview'"
engineering technician,engineering technician_1,role,"'data migration', 'data sorting', 'data entry', 'data validation'"
engineering technician/ field service,engineering technician/ field service_0,role,"'broadcast engineering', 'time management', 'facilities management', 'measurement', 'computer networking', 'operations analysis', 'oscilloscope operation', 'technical planning', 'test equipment'"
engineering technician/ field service,engineering technician/ field service_-1,role,"'calibration', 'working at heights', 'conceptual design', 'downtime minimization', 'geometric dimensioning and tolerancing (gd&t)', 'radar systems', 'record keeping', 'soldering', 'statistical package for the social sciences (spss)', 'ultra high frequency (uhf)'"
engineering technician/ field service,engineering technician/ field service_1,role,"'naval operations', 'rigging'"
engineering technologist,engineering technologist_-1,role,"'data entry', 'device drivers', 'focus erp', 'form design', 'microsoft publisher'"
engineering technologist,engineering technologist_1,role,"'dispatching', 'scheduling', 'supervision', 'time management', 'transportation logistics'"
engineering technologist,engineering technologist_0,role,"'telephone skills', 'quick learner'"
engineering validation test technician,engineering validation test technician_-1,role,"'ac/dc circuit analysis', 'circuit design with multisim', 'electronic component identification', 'transmission'"
environmental secretary,environmental secretary_-1,role,"'civil engineering', 'multi-line phone systems', 'pick programming language', 'microsoft powerpoint', 'proofreading', 'shipping and receiving'"
environmental secretary,environmental secretary_0,role,"'front office management', 'meeting facilitation', 'meeting management', 'supervision', 'microsoft word'"
environmental secretary,environmental secretary_1,role,"'email communication', 'telephone skills'"
equipment engineering technician,equipment engineering technician_-1,role,"'closing procedures', 'direction', 'forklift and crane operation', 'law enforcement', 'mechanical theory', 'non-destructive testing (ndt)', 'oral communication', 'business process improvement', 'progress software', 'simulation', 'supervision'"
equipment engineering technician,equipment engineering technician_0,role,"'hand tool operation', 'procurement', 'receiving', 'scheduling', 'shipping and receiving', 'test equipment'"
equipment engineering technician,equipment engineering technician_1,role,"'computer programming', 'robotics'"
event manager,event manager_0,role,"'training manuals', 'contract management'"
event manager,event manager_-1,role,"'progress software', 'content creation', 'computer networking', 'algebra', 'fashion design', 'functional testing'"
event manager,event manager_1,role,"'competitive analysis', 'sales techniques', 'marketing materials', 'sales promotions', 'advertising'"
executive assistant,executive assistant_0,role,"'project development', 'business writing', 'team building', 'business development', 'project coordination'"
executive assistant,executive assistant_-1,role,"'public relations (pr)', 'scheduling', 'negotiation', 'prioritization', 'quicken', 'finance', 'shipping and receiving', 'energy management', 'community outreach', 'crm software', 'as/400', 'aviation', 'bond trading', 'fundraising', 'medical imaging', 'request for information (rfi)', 'results-oriented', 'storage area network (san)', 'simultaneous interpretation', 'computer networking', 'property management', 'key account management', 'sensor technology', 'mac os', 'billing', 'microsoft access', 'event planning', 'insurance', 'algebra', 'technical support', 'jd edwards enterpriseone', 'proposal writing', 'american institute of architects (aia)', 'data stewardship', 'professionalism', 'order processing', 'tax law', 'bluebeam revu', 'learning management systems (lms)', 'cost control', 'clerical skills', 'administrative skills'"
executive assistant,executive assistant_1,role,"'construction management', 'sales forecasting', 'sales growth', 'sales expertise', 'relationship management', 'sales management', 'sales planning', 'sales objectives', 'contract management', 'trade show management', 'sales implementation', 'brand management'"
executive assistant,executive assistant_2,role,"'direct marketing', 'advertising', 'promotional marketing'"
executive receptionist,executive receptionist_-1,role,"'civil engineering', 'multi-line phone systems', 'pick programming language', 'microsoft powerpoint', 'proofreading', 'shipping and receiving'"
executive receptionist,executive receptionist_0,role,"'front office management', 'meeting facilitation', 'meeting management', 'supervision', 'microsoft word'"
executive receptionist,executive receptionist_1,role,"'email communication', 'telephone skills'"
facilities administrator,facilities administrator_-1,role,"'assistance', 'ccp', 'interior decorating', 'icgs/idds systems', 'sap ios sdk', 'lfacs system', 'lotus sametime', 'microstation', 'event planning', 'office switchboard operation', 'purchasing card management', 'plat indexes', 'sap materials management (mm)', 'requestnet', 'ringbuilder software', 'royalty management', 'sap time management', 'network switching', 'tirks system', 'traffic control systems', 'travel arrangements', 'event management', 'microsoft word', 'workforce management systems', 'wsam image'"
facilities engineering manager,facilities engineering manager_-1,role,"'computer literacy', 'database software', 'quality inspection', 'laundry operation', 'naval operations', 'national electrical code (nec)', 'radiography', 'real estate'"
facilities engineering manager,facilities engineering manager_0,role,"'contract management', 'cost reduction', 'central processing units (cpus)', 'electrical systems', 'energy management', 'facilities management', 'hvac systems', 'meeting management', 'business process improvement', 'procurement', 'supervision', 'technical support'"
facilities engineering manager,facilities engineering manager_1,role,"'plumbing', 'welding'"
facilities temp,facilities temp_-1,role,"'sap ios sdk', 'purchasing card management', 'sap materials management (mm)', 'royalty management', 'sap time management', 'travel arrangements'"
facility engineer,facility engineer_-1,role,"'cabling systems', 'conversion rate optimization (cro)', 'direct current (dc)', 'adobe flash', 'functional testing', 'instructional design', 'autodesk inventor', 'motorola systems', 'business process improvement', 'proposal writing', 'pspice', 'renovation', 'scheduling', 'siemens step 7', 'simulation', 'supervision', 'switchgear', 'tendering', 'data validation', 'vhdl', 'visual basic', 'wago codesys'"
facility engineer,facility engineer_0,role,"'easypower software', 'hvac systems', 'power distribution systems', 'power generation', 'psim software'"
facility engineer,facility engineer_1,role,"'hp hardware', 'iec 61131 programming', 'intel processors', 'java programming', 'labview', 'matlab', 'computer programming', 'structured programming'"
facility supervisor,facility supervisor_0,role,"'apple computers', 'wonderware'"
facility supervisor,facility supervisor_2,role,"'basic computer skills', 'computer networking', 'computer programming'"
facility supervisor,facility supervisor_-1,role,"'blueprint reading', 'california regulations', 'direct current (dc)', 'directing', 'equipment installation', 'filling operations', 'fire protection systems', 'food safety', 'hammer operation', 'labor relations', 'maintenance scheduling', 'microsoft access', 'windows nt server', 'microwave engineering', 'national electrical code (nec)', 'novell netware', 'plumbing', 'record keeping', 'supervisory control and data acquisition (scada)', 'staffing', 'supervision', 'technical support', 'ultra high frequency (uhf)', 'data validation', 'data visualization', 'water quality testing'"
facility supervisor,facility supervisor_1,role,"'conceptual design', 'design and construction', 'instructional design', 'layout design', 'survey design'"
facility supervisor,facility supervisor_4,role,"'contract management', 'delivery management', 'utilities management'"
facility supervisor,facility supervisor_3,role,"'electrical systems', 'hvac systems', 'power distribution systems', 'radio communications', 'transmission systems', 'very high frequency (vhf)'"
field engineer/maintenance support engineer,field engineer/maintenance support engineer_-1,role,"'microsoft access', 'microsoft project', 'program management'"
field engineering intern,field engineering intern_-1,role,"'bluebeam revu', 'cash receipts', 'mathcad', 'microsoft word', 'natural gas operations', 'law enforcement', 'progress software', 'sales promotions', 'reading comprehension', 'reconciliation'"
field engineering intern,field engineering intern_1,role,"'directing', 'electrical drafting', 'instructional design', 'mentoring', 'organization skills', 'proposal writing', 'supervision', 'supervisory skills'"
field engineering intern,field engineering intern_0,role,"'microsoft powerpoint', 'solidworks'"
field engineering supervisor,field engineering supervisor_-1,role,"'computer literacy', 'database software', 'quality inspection', 'laundry operation', 'naval operations', 'national electrical code (nec)', 'radiography', 'real estate'"
field engineering supervisor,field engineering supervisor_0,role,"'contract management', 'cost reduction', 'central processing units (cpus)', 'electrical systems', 'energy management', 'facilities management', 'hvac systems', 'meeting management', 'business process improvement', 'procurement', 'supervision', 'technical support'"
field engineering supervisor,field engineering supervisor_1,role,"'plumbing', 'welding'"
finance manager,finance manager_-1,role,"'negotiation', 'financial modeling', 'report generation', 'business intelligence (bi)', 'progress software', 'presentation skills', 'business case analysis', 'office management', 'solution architecture', 'closing procedures', 'ibm cognos', 'real estate', 'oracle financials', 'business process improvement', 'advertising', 'finance'"
finance technology expert,finance technology expert_-1,role,"'data manipulation', 'data reporting', 'data validation', 'econometrics', 'international financial reporting standards (ifrs)', 'oracle database', 'r programming', 'balanced scorecard'"
financial accountant,financial accountant_-1,role,"'erp systems proficiency', 'data migration', 'data warehousing'"
financial advisor,financial advisor_0,role,"'oracle database', 'quickbooks'"
financial advisor,financial advisor_-1,role,"'data migration', 'team building', 'owasp zap', 'financial research', 'ultratax cs'"
financial advisor,financial advisor_1,role,"'computer programming', 'sensor technology', 'office equipment operation'"
financial aid accounting administrator,financial aid accounting administrator_0,role,"'analytical skills', 'designer 2000', 'software developer', 'form design', 'proposal writing'"
financial aid accounting administrator,financial aid accounting administrator_1,role,"'billing', 'closing procedures', 'credit analysis', 'debit accounting', 'delivery management', 'finance', 'full product lifecycle management', 'fund management', 'general ledger accounting', 'policy development', 'business process improvement', 'research support', 'scheduling', 'tax preparation', 'tax accounting', 'utilities management'"
financial aid accounting administrator,financial aid accounting administrator_2,role,"'data entry', 'data fetching', 'oracle database', 'sql', 'database tables'"
financial aid accounting administrator,financial aid accounting administrator_-1,role,"'microsoft word', 'month-end close', 'os/2', 'reading comprehension', 'real estate', 'report generation', 'system integration', 'telephone skills'"
financial analyst,financial analyst_2,role,"'finance', 'balance sheet preparation', 'credit analysis', 'general ledger accounting', 'contract management', 'individual tax returns', 'trial balance', 'accounts receivable', 'tax preparation', 'billing', 'account balancing', 'financial reporting', 'report generation', 'certified public accountant (cpa)', 'financial statement preparation', 'fund management', 'accruals', 'accounts payable', 'procurement', 'revenue recognition', 'tax law', 'international financial reporting standards (ifrs)', 'ad-hoc reporting'"
financial analyst,financial analyst_1,role,"'microsoft powerpoint', 'microsoft access'"
financial analyst,financial analyst_-1,role,"'team building', 'hospice care', 'quickbooks', 'government regulations', 'insurance', 'business objects', 'harvard graphics', 'hyperion essbase', 'phoenix e1', 'quicken', 'variance analysis', 'jd edwards enterpriseone', 'payroll processing', 'geometry', 'aderant/cms', 'sage accounting software', 'sage peachtree', 'software as a service (saas)', 'us gaap', 'quickbooks pro', 'bookkeeping', 'physics', 'community health', 'hyperion systems', 'nanovision', 'benefits administration', 'root cause analysis', 'two-tier architecture', 'software proficiency', 'ngs systems', 'presentation skills', 'proposal writing', 'operating systems', 'atlas software', 'online advertising', 'sarbanes-oxley (sox) compliance', 'charting', 'sql', 'data validation', 'lotus notes'"
financial analyst,financial analyst_0,role,"'mathematics', 'statistics'"
financial analyst,financial analyst_3,role,"'data access', 'business intelligence (bi)', 'data visualization', 'data warehousing'"
financial business analyst intern,financial business analyst intern_-1,role,"'.net', 'java programming'"
financial management partner,financial management partner_0,role,"'accounts payable', 'billing'"
financial management partner,financial management partner_-1,role,"'accounts receivable', 'advertising', 'account balancing', 'balance sheet preparation', 'benefits administration', 'bookkeeping', 'cash flow projections', 'coding', 'data collection', 'database administrator (dba)', 'delivery management', 'email communication', 'job costing', 'general ledger', 'meeting management', 'microsoft access', 'microsoft word', 'negotiation', 'sage peachtree', 'business process improvement', 'purchasing', 'quickbooks', 'sage accounting software', 'technical support', 'tax preparation', 'valuation'"
financial management partner,financial management partner_1,role,"'financial controller', 'credit analysis', 'finance', 'financial reporting', 'general ledger accounting'"
financial service representative/back up supervisor,financial service representative/back up supervisor_1,role,"'accounts payable', 'bookkeeping', 'credit analysis', 'finance', 'financial reporting', 'fund management', 'general ledger accounting', 'financial statement preparation'"
financial service representative/back up supervisor,financial service representative/back up supervisor_-1,role,"'accruals', 'atm operation', 'business intelligence (bi)', 'closing procedures', 'coding', 'data trending', 'invoice processing', 'general ledger', 'direct mail marketing', 'file maintenance', 'corporate visa management', 'microsoft word', 'computer networking', 'policy development', 'budget variance analysis', 'business process improvement', 'quickbooks', 'receiving', 'reconciliation', 'report generation', 'document scanning', 'scheduling', 'systems integration'"
financial service representative/back up supervisor,financial service representative/back up supervisor_2,role,"'calculator skills', 'cashier skills', 'telephone skills'"
financial service representative/back up supervisor,financial service representative/back up supervisor_0,role,"'microsoft powerpoint', 'works software'"
finite element analysis of industrial robotic assembly,finite element analysis of industrial robotic assembly_-1,role,"'advanced manufacturing techniques', 'material selection', 'engineering analysis', 'cae software', 'design for manufacturing (dfm)', 'bill of materials (bom) management', 'sculpting', 'sheet metal fabrication'"
floor manager,floor manager_-1,role,"'business acumen', 'focus erp', 'negotiation', 'it support', 'numerical analysis'"
founder/principal consultant,founder/principal consultant_-1,role,"'leadership development', 'people development', 'process analysis', 'product management', 'program management', 'solution design'"
front end developer,front end developer_-1,role,"'visual studio code', 'data migration', 'c# programming', 'root cause analysis', 'cascading style sheets (css)', 'adobe photoshop', 'sql', '.net'"
front office officer,front office officer_0,role,'erp systems proficiency'
fw developer,fw developer_-1,role,"'bounded rationality', 'combinatorial optimization', 'cryptography', 'game theory'"
gearbox design,gearbox design_-1,role,"'advanced manufacturing techniques', 'material selection', 'engineering analysis', 'cae software', 'design for manufacturing (dfm)', 'bill of materials (bom) management', 'sculpting', 'sheet metal fabrication'"
general accountant,general accountant_0,role,"'accounts payable', 'financial reporting', 'accounts receivable', 'report generation', 'expense reporting', 'finance', 'general ledger accounting', 'bookkeeping', 'certified public accountant (cpa)', 'balance sheet preparation', 'tax preparation', 'billing', 'financial statement preparation', 'account balancing', 'accruals', 'ad-hoc reporting'"
general accountant,general accountant_-1,role,"'atlas software', 'telephone skills', 'form design', 'web page design', 'email communication', 'quicken', 'variance analysis', 'sarbanes-oxley (sox) compliance', 'jd edwards enterpriseone', 'arabic language', 'charting', 'pricing strategy', 'nanovision', 'government regulations', 'two-tier architecture', 'lecturing', 'workflow management', 'ngs systems', 'delivery management', 'customer complaint resolution', 'data visualization', 'component object model (com)', 'business objects', 'microsoft access', 'harvard graphics', 'lotus notes', 'phoenix e1'"
general accountant,general accountant_1,role,"'microsoft powerpoint', 'microsoft word', 'quickbooks', 'presentation skills'"
general clerk,general clerk_-1,role,"'assistance', 'ccp', 'interior decorating', 'icgs/idds systems', 'lfacs system', 'lotus sametime', 'microstation', 'event planning', 'office switchboard operation', 'plat indexes', 'requestnet', 'ringbuilder software', 'network switching', 'tirks system', 'traffic control systems', 'event management', 'microsoft word', 'workforce management systems', 'wsam image'"
general ledger specialist,general ledger specialist_-1,role,"'accruals', 'online advertising', 'as/400', 'balance sheet preparation', 'balance sheets', 'form design', 'image freeway', 'jd edwards enterpriseone', 'general ledger', 'lx systems', 'macros', 'microsoft access', 'microsoft powerpoint', 'microsoft word', 'month-end close', 'progress software', 'quickbooks', 'report generation', 'sage accounting software', 'sage fixed assets', 'tax preparation'"
general ledger specialist,general ledger specialist_1,role,"'financial controller', 'corporate finance', 'finance', 'financial reporting'"
general ledger specialist,general ledger specialist_0,role,"'general ledger accounting', 'microsoft accounting'"
general manager,general manager_-1,role,"'data migration', 'team building', 'sales presentations', 'client engagement', 'civil engineering', 'r programming', 'cold calling', 'direct mail marketing', 'chemistry', 'voice over ip (voip)', 'sensor technology', 'microsoft access', 'market research'"
general manager,general manager_0,role,"'computer programming', 'mathematics', 'algebra', 'geometry'"
general manager,general manager_1,role,"'business development', 'account management', 'change management', 'client development', 'vendor management', 'profit improvement'"
general manager,general manager_2,role,"'sales forecasting', 'market expansion'"
general merchandise department manager,general merchandise department manager_0,role,"'accounts payable', 'billing'"
general merchandise department manager,general merchandise department manager_-1,role,"'accounts receivable', 'adjustments', 'administrative management', 'annuities', 'balance sheet preparation', 'cash handling', 'clerical skills', 'closing procedures', 'certified public accountant (cpa)', 'credit analysis', 'crime scene investigation (csi)', 'direct sales', 'food safety', 'government contracts', 'life insurance', 'merchandising', 'sales reporting', 'computer networking', 'procedure writing', 'public relations (pr)', 'receptionist duties', 'reconciliation', 'shipping and receiving', 'software training', 'team building', 'telephone skills'"
general merchandise department manager,general merchandise department manager_3,role,"'automated payroll processing', 'order processing', 'payroll processing'"
general merchandise department manager,general merchandise department manager_1,role,"'bookkeeping', 'general ledger accounting'"
general merchandise department manager,general merchandise department manager_2,role,"'contract management', 'staffing'"
generator test technician,generator test technician_-1,role,"'electrical component repair', 'electrical equipment operation', 'equipment installation', 'electrostatic discharge (esd) control', 'fabrication', 'functional testing', 'live electrical work', 'lockout/tagout (loto)', 'mechanical repair', 'oil servicing', 'power generation', 'soldering', 'solenoid valves'"
hard coating technician,hard coating technician_0,role,"'critical thinking', 'strategic thinking'"
hard coating technician,hard coating technician_1,role,"'engineering knowledge', 'chemical engineering', 'engineering operations', 'engineering standards', 'quality inspection', 'business process improvement', 'staffing', 'technical support'"
hard coating technician,hard coating technician_-1,role,"'calibration', 'complex problem solving', 'document management testing', 'google docs', 'cross-functional collaboration', 'microsoft visio', 'standard operating procedures (sop)', 'validation'"
hard coating technician,hard coating technician_2,role,"'safety committee', 'supervision'"
head freshmen basketball coach,head freshmen basketball coach_-1,role,"'cpr/first aid certified', 'direction', 'first aid', 'intel processors', 'natural language processing', 'physics', 'microsoft powerpoint', 'pspice', 'public speaking', 'verilog hdl', 'vi text editor', 'windows 2000'"
head freshmen basketball coach,head freshmen basketball coach_0,role,"'data acquisition', 'digital design', 'electronics', 'fashion design', 'oscilloscope operation', 'sql', 'statistics', 'supervisory control and data acquisition (scada)', 'systems design'"
head freshmen basketball coach,head freshmen basketball coach_1,role,"'labview', 'matlab', 'vhdl'"
help desk support analyst,help desk support analyst_-1,role,"'aaa security model', 'data access', 'active directory', 'anti-virus software', 'apple products', 'call center operations', 'ccna', 'command line interface (cli)', 'component object model (com)', 'critical thinking', 'root cause analysis', 'dynamic host configuration protocol (dhcp)', 'domain name system (dns)', 'microsoft edge', 'email communication', 'data encryption', 'file structures', 'form design', 'help desk support', 'modem configuration', 'open shortest path first (ospf)', 'microsoft powerpoint', 'router configuration', 'solidworks', 'secure sockets layer (ssl)', 'database tables', 'video conferencing', 'voice over ip (voip)'"
help desk support analyst,help desk support analyst_1,role,"'group policy', 'council management', 'insurance', 'policy development'"
help desk support analyst,help desk support analyst_0,role,"'software proficiency', 'basic computer skills', 'border gateway protocol (bgp)', 'browser support', 'cd-rom media', 'cisco', 'dell systems', 'firewall administration', 'hp hardware', 'network security', 'network troubleshooting', 'local area network (lan)', 'laptop repair', 'linux administration', 'mobile device support', 'windows installer (msi)', 'computer networking', 'operating systems', 'printer support', 'routing protocols', 'software installation', 'network switching', 'tcp/ip networking', 'technical support', 'virtual private network (vpn)', 'wide area network (wan)', 'windows 7'"
help desk technician,help desk technician_-1,role,"'driver booster', 'gnu debugger (gdb)', 'github', 'leetcode', 'lucidchart', 'mcafee endpoint security', 'postman api', 'teamviewer'"
help desk technician,help desk technician_0,role,"'hwinfo', 'jira', 'owasp zap', 'recuva'"
help desk technician,help desk technician_1,role,"'ifixit pro tech toolkit', 'malwarebytes'"
help desk technician,help desk technician_2,role,"'memtest86', 'microsoft windows 10', 'powershell', 'ultimate boot cd (ubcd)', 'operating system installation'"
hmc hc laboratory assistant,hmc hc laboratory assistant_0,role,"'critical thinking', 'strategic thinking'"
hmc hc laboratory assistant,hmc hc laboratory assistant_1,role,"'engineering knowledge', 'chemical engineering', 'engineering operations', 'engineering standards', 'quality inspection', 'business process improvement', 'staffing', 'technical support'"
hmc hc laboratory assistant,hmc hc laboratory assistant_-1,role,"'calibration', 'complex problem solving', 'document management testing', 'google docs', 'cross-functional collaboration', 'microsoft visio', 'standard operating procedures (sop)', 'validation'"
hmc hc laboratory assistant,hmc hc laboratory assistant_2,role,"'safety committee', 'supervision'"
imaging service engineer,imaging service engineer_0,role,"'ge amx service', 'toshiba aquilion ct service', 'siemens e-cam service'"
imaging service engineer,imaging service engineer_1,role,"'supervisory skills', 'software proficiency'"
imaging service engineer,imaging service engineer_-1,role,"'cbmet', 'foresight imaging systems'"
income tax preparer,income tax preparer_-1,role,"'chase paymentech', 'complex problem solving', 'epicor erp', 'general ledger accounting', 'glacier tax prep software', 'intuit payroll', 'netsuite', 'office master system', 'sage peachtree', 'quickbooks', 'sage accounting software'"
independent consultant,independent consultant_1,role,"'camera operation', 'medical imaging', 'computer vision'"
independent consultant,independent consultant_-1,role,"'closing procedures', 'component object model (com)', 'content creation', 'credit analysis', 'driving', 'recruiting', 'messaging systems', 'presentation skills', 'radio communications', 'receiving', 'shipping and receiving', 'storytelling', 'technical support', 'venture capital'"
independent consultant,independent consultant_2,role,"'contract management', 'database administration', 'software developer', 'feature engineering', 'finance', 'insurance', 'market planning', 'new product development', 'order management', 'policy development', 'pricing strategy', 'procurement', 'product development', 'product management', 'product marketing', 'program management', 'retail operations', 'sales management', 'utilities management', 'workflow management'"
independent consultant,independent consultant_0,role,"'data migration', 'data encryption', 'data interpretation'"
industrial electrician,industrial electrician_-1,role,"'lighting design', 'power distribution systems', 'computer programming', 'robotics'"
industrial engineer,industrial engineer_0,role,"'product design', 'new product development', 'project planning'"
industrial engineer,industrial engineer_3,role,"'visual basic', 'microsoft powerpoint', 'c# programming', 'microsoft visio', 'simulation software', 'r programming', 'simulation', '.net'"
industrial engineer,industrial engineer_-1,role,"'philosophy', 'lathe operation', 'layout design', 'foreign languages', 'continuous improvement'"
industrial engineer,industrial engineer_2,role,"'computer numerical control (cnc)', 'statistical process control (spc)', 'business process improvement'"
industrial engineer,industrial engineer_1,role,"'data collection', 'sql', 'data access'"
industrial engineering intern,industrial engineering intern_1,role,"'.net', 'c# programming', 'computer numerical control (cnc)', 'java programming', 'microsoft access', 'microsoft visual studio', 'microsoft powerpoint', 'computer programming', 'r programming', 'simulation', 'simulation software', 'microsoft visio', 'visual basic'"
industrial engineering intern,industrial engineering intern_-1,role,"'calibration', 'charting', 'continuous improvement', 'data collection', 'ims database', 'quality inspection', 'foreign languages', 'lathe operation', 'layout design', 'minitab', 'philosophy', 'project planning', 'waste reduction', 'sap r/3', 'scheduling', 'standard operating procedures (sop)', 'sql', 'supervision'"
industrial engineering intern,industrial engineering intern_0,role,"'lean manufacturing', 'new product development', 'pro/engineer', 'product design', 'solidworks'"
industrial engineering intern,industrial engineering intern_2,role,"'business process improvement', 'statistical process control (spc)'"
information architect,information architect_-1,role,"'blackboard learning system', 'business objects', 'clarity ppm', 'ibm cognos', 'access control', 'electronic health records (ehr)', 'er/studio', 'facet analysis', 'hboc systems', 'heat transfer', 'i-max technology', 'idx broker', 'macess software', 'minitab', 'microsoft onenote', 'oracle database', 'pcanywhere', 'microsoft powerpoint', 'statistical package for the social sciences (spss)', 'microsoft visio'"
information systems assistant,information systems assistant_-1,role,"'analytical skills', 'cascading style sheets (css)', 'risk assessment', 'visual basic'"
information technology intern,information technology intern_0,role,'complex problem solving'
information technology support,information technology support_0,role,'complex problem solving'
inside sales manager,inside sales manager_-1,role,"'driving', 'team building', 'mentoring', 'email communication', 'direct mail marketing', 'algebra', 'inside sales', 'delivery management', 'business strategy', 'policy development', 'presentation skills', 'software as a service (saas)', 'directing', 'business development', 'graphic design'"
inside sales representative,inside sales representative_-1,role,"'team building', 'pascal programming', 'client engagement', 'medical devices', 'cold calling', 'market expansion', 'direct mail marketing', 'root cause analysis', 'public relations (pr)', 'voice over ip (voip)', 'microsoft access'"
inside sales representative,inside sales representative_0,role,"'sales presentations', 'sales forecasting'"
inside sales representative,inside sales representative_2,role,"'mathematics', 'algebra', 'geometry'"
inside sales representative,inside sales representative_1,role,"'business development', 'graphic design', 'account management', 'software as a service (saas)', 'change management', 'client development', 'vendor management', 'profit improvement'"
installation technician,installation technician_-1,role,"'basic computer skills', 'california regulations', 'carpentry', 'conversion rate optimization (cro)', 'direction', 'equipment installation', 'fax machine operation', 'form design', 'global positioning system (gps)', 'quality inspection', 'laboratory testing', 'maple software', 'naval operations', 'novell directory services (nds)', 'open source software (oss)', 'market positioning', 'record keeping', 'storage area network (san)', 'security clearance', 'scheduling', 'data sorting', 'technical support'"
installation technician,installation technician_2,role,"'broadcast engineering', 'cabling systems', 'chiller systems', 'electrical systems', 'hvac systems', 'computer networking', 'radio communications', 'transmission systems', 'ultra high frequency (uhf)', 'very high frequency (vhf)'"
installation technician,installation technician_0,role,"'council management', 'government regulations'"
installation technician,installation technician_3,role,"'lighting design', 'power supply design'"
installation technician,installation technician_1,role,"'plumbing', 'welding'"
installation/service technician,installation/service technician_-1,role,"'network security', 'computer networking', 'technical support', 'computer programming', 'operating systems'"
instructional designer/training manager/database manager/senior accountant,instructional designer/training manager/database manager/senior accountant_0,role,"'billing', 'finance', 'financial reporting'"
instructional designer/training manager/database manager/senior accountant,instructional designer/training manager/database manager/senior accountant_1,role,"'change management', 'contract management', 'delivery management', 'front office management', 'program management'"
instructional designer/training manager/database manager/senior accountant,instructional designer/training manager/database manager/senior accountant_-1,role,"'recruiting', 'needs assessment', 'accounts payable', 'project planning', 'videoscribe'"
instructional designer/training manager/database manager/senior accountant,instructional designer/training manager/database manager/senior accountant_2,role,"'instructional design', 'instructor', 'leadership training', 'training design', 'training materials'"
instructor,instructor_-1,role,"'systems integration', 'people development', 'program management', 'solution design', 'leadership development'"
instructor & teaching assistant,instructor & teaching assistant_-1,role,"'data reporting', 'java programming', 'key aspect analysis', 'requirements gathering', 'root cause analysis'"
instrument technician,instrument technician_-1,role,"'apqp', 'biotechnology', 'entry level skills', 'electrostatic discharge (esd) control', 'first article inspection', 'ieee standards', 'oscilloscope operation', 'packaging design', 'public relations (pr)', 'preventive maintenance', 'production processes', 'standard operating procedures (sop)'"
instrument technician,instrument technician_1,role,"'calibration', 'quality inspection'"
instrument technician,instrument technician_0,role,"'control system design', 'control systems', 'electrical mechanical systems', 'mechanical technician', 'medical devices', 'pneumatics', 'sensor technology', 'soldering', 'surface mount technology (smt)', 'temperature control', 'through-hole technology'"
intern,intern_-1,role,"'streamlit', 'google colab', 'accounts payable', 'copying', 'form design', 'scheduling', 'jdbc api', 'social media marketing', 'standard operating procedures (sop)', 'pycharm ide', 'email communication', 'microsoft powerpoint', 'opencv', 'anaconda', 'bounding algorithms', 'team building', 'calculus', 'faxing', 'physics', 'progress software', 'law enforcement', 'cloud testing', 'jupyter notebook', 'linux administration', 'lean manufacturing', 'turbo c++', 'decision trees', 'spring boot', 'closing procedures', 'feature engineering', 'mongodb', 'jenkins ci', 'front-end development', 'bounded rationality', 'pro/engineer', 'game theory', 'marketing materials', 'transportation logistics', 'matplotlib', 'graphql', 'cascading style sheets (css)', 'scikit-learn', 'ims database', 'laser technology', 'retail operations', 'support vector machines (svm)', 'cryptography', 'power bi', 'natural language processing (nlp)', 'flutter framework', 'supervision', 'sap r/3', 'predictive modeling', 'matlab', 'numpy', 'quality inspection', 'document scanning', 'solidworks', 'hypothesis testing', 'parameter tuning', 'calibration', 'pandas (python library)', 'time series analysis', 'guided mechanisms', 'raspberry pi', 'keras', 'minitab', 'firebase', 'waste reduction'"
intern,intern_1,role,"'combinatorial optimization', 'heuristics'"
intern,intern_3,role,"'scala programming', 'microsoft word', 'visual basic', 'computer vision', 'graphic design', 'visual basic for applications (vba)', 'presentation skills', 'computer programming', 'business intelligence (bi)', 'big data analytics', 'c# programming', 'agency management', 'layout design', 'charting', 'meeting management', 'artificial neural networks (ann)', 'artificial intelligence', 'telephone skills', 'r programming', 'tensorflow', 'php programming', 'data visualization', 'conference management', 'java programming', 'data wrangling', 'contract management', 'data science', 'organization skills', 'quick learner', 'sql', 'basic computer skills', 'data access', 'statistics', 'microsoft access', 'graphical user interface (gui) design', 'object-oriented programming (oop)', 'clerical skills'"
intern,intern_0,role,"'linear regression', 'ridge regression', 'lasso regression'"
intern,intern_2,role,"'finance', 'financial reporting', 'credit analysis'"
intern,intern_4,role,"'tableau', 'nosql databases', 'database tables'"
intern at machine learning and cognitive division,intern at machine learning and cognitive division_-1,role,"'data science', 'java programming', 'power bi', 'sql'"
intern developer,intern developer_-1,role,"'matplotlib', 'numpy', 'opencv', 'pandas (python library)', 'pytorch'"
intern trainee,intern trainee_-1,role,"'apache pig', 'java programming', 'keras', 'linear regression', 'natural language processing (nlp)', 'opencv', 'oracle database', 'pandas (python library)', 'scikit-learn', 'seaborn', 'apache spark'"
intern trainee,intern trainee_0,role,"'artificial intelligence', 'big data analytics', 'computer vision', 'data science', 'data visualization', 'logistic regression', 'pattern recognition', 'predictive analytics', 'predictive modeling', 'r programming', 'sql'"
intern trainee,intern trainee_1,role,"'matplotlib', 'numpy', 'pytorch', 'tensorflow'"
internal operations manager,internal operations manager_-1,role,"'business development', 'certified nursing assistant (cna)', 'cold calling', 'multitasking'"
internal operations manager,internal operations manager_0,role,"'computer literacy', 'customer needs assessment'"
internal operations manager,internal operations manager_1,role,"'lead generation', 'report generation'"
internet sales manager,internet sales manager_-1,role,"'business development', 'certified nursing assistant (cna)', 'cold calling', 'multitasking'"
internet sales manager,internet sales manager_0,role,"'computer literacy', 'customer needs assessment'"
internet sales manager,internet sales manager_1,role,"'lead generation', 'report generation'"
internship   credit officer,internship   credit officer_0,role,'erp systems proficiency'
investment accountant,investment accountant_-1,role,"'analytical skills', 'dras', 'lombardi bpm', 'workbench', 'complex problem solving', 'ibm lombardi', 'microsoft excel vlookup'"
investment accountant,investment accountant_0,role,"'business objects', 'eagle system', 'pega systems', 'eagle accounting system', 'macros'"
investment accountant,investment accountant_1,role,"'microsoft access', 'microsoft powerpoint', 'microsoft word'"
it analyst,it analyst_0,role,"'active directory', 'computer networking', 'server administration'"
it analyst,it analyst_-1,role,"'bridge engineering', 'desktop support', 'dynamic host configuration protocol (dhcp)', 'domain name system (dns)', 'medical imaging', 'itil', 'email communication', 'mcse certification', 'messaging systems', 'data migration', 'router configuration', 'service level agreements (sla)', 'window installation'"
it analyst,it analyst_1,role,"'microsoft technologies', 'technical support'"
it associate,it associate_-1,role,"'a+ certification', 'cascading style sheets (css)', 'decisiveness', 'data migration', 'solidworks', 'raid configuration', 'usability testing', 'visual basic', 'visual foxpro'"
it associate,it associate_0,role,"'analytical skills', 'client-server architecture', 'computer networking', 'computer sales', 'desktop support', 'time management', 'functional testing', 'hp hardware', 'hp netservers', 'laptop repair', 'printer management', 'network interface cards (nics)', 'operating systems', 'operations analysis', 'product improvement', 'progress software', 'purchasing', 'root cause analysis', 'server administration', 'technical specifications', 'technical planning', 'technical support', 'windows vista'"
it associate,it associate_1,role,"'risk assessment', 'data validation'"
it data scientist,it data scientist_-1,role,"'pytorch', 'r programming', 'snowflake', 'sql'"
it help desk support,it help desk support_-1,role,"'data access', 'sql'"
it program manager,it program manager_0,role,"'business development', 'configuration management', 'contract management', 'delivery management', 'direct sales', 'marketing materials', 'business process improvement'"
it program manager,it program manager_-1,role,"'environmental health and safety (ehs)', 'instructor', 'network installation', 'radar systems'"
it program manager,it program manager_1,role,"'information security', 'insurance', 'computer networking'"
it support specialist,it support specialist_-1,role,"'memtest86', 'visual studio code', 'xilinx vivado', 'data warehousing', 'microsoft visio', 'android development', 'microsoft windows 10', 'junit', 'mathematics', 'vhdl', 'hwinfo', 'teamviewer', 'microsoft access', 'mcafee endpoint security', 'acronis true image', 'matlab', 'recuva', 'powershell'"
it technician/qa tester,it technician/qa tester_-1,role,"'network security', 'computer networking', 'technical support', 'computer programming', 'operating systems'"
janitorial/construction laborer,janitorial/construction laborer_0,role,"'carpentry', 'floor plan design', 'renovation'"
janitorial/construction laborer,janitorial/construction laborer_-1,role,"'email communication', 'frame analysis', 'blueprint reading', 'autodesk revit', 'self-motivation'"
janitorial/construction laborer,janitorial/construction laborer_1,role,"'messaging systems', 'multitasking', 'reading comprehension'"
laborer,laborer_0,role,"'renovation', 'floor plan design', 'carpentry'"
laborer,laborer_-1,role,"'autodesk revit', 'email communication', 'frame analysis', 'blueprint reading', 'supervision', 'self-motivation'"
laborer,laborer_1,role,"'messaging systems', 'multitasking', 'reading comprehension'"
lead accountant,lead accountant_3,role,"'accounts payable', 'accounts receivable', 'accruals', 'ad-hoc reporting', 'account balancing', 'balance sheet preparation', 'billing', 'certified public accountant (cpa)', 'crystal reports', 'finance', 'financial reporting', 'general ledger accounting', 'report generation', 'tax preparation'"
lead accountant,lead accountant_-1,role,"'online advertising', 'atlas software', 'business objects', 'closing procedures', 'hyperion essbase', 'data visualization', 'harvard graphics', 'hyperion systems', 'jd edwards enterpriseone', 'general ledger', 'lotus notes', 'sage mas 90', 'microsoft access', 'nanovision', 'ngs systems', 'sage peachtree', 'phoenix e1', 'policy development', 'pricing strategy', 'business process improvement', 'quicken', 'reconciliation', 'relationship management', 'sarbanes-oxley (sox) compliance'"
lead accountant,lead accountant_0,role,"'analytical skills', 'charting', 'microsoft powerpoint', 'presentation skills', 'quantitative analysis', 'trend analysis', 'variance analysis'"
lead accountant,lead accountant_2,role,"'bookkeeping', 'quickbooks'"
lead accountant,lead accountant_1,role,"'contract management', 'negotiation'"
lead accountant,lead accountant_4,role,"'government regulations', 'tax law'"
lead data scientist,lead data scientist_-1,role,"'hindi language', 'scala programming', 'linear regression', 'statistics', 'market research', 'java programming', 'nosql databases', 'computer vision', 'market basket analysis', 'sensor technology', 'matlab', 'data science', 'r programming', 'php programming', 'sql', 'team building'"
lead electrical engineer,lead electrical engineer_0,role,"'cmpro software', 'conflict management', 'delivery management', 'microsoft project', 'microsoft visio', 'procurement', 'project planning', 'staffing'"
lead electrical engineer,lead electrical engineer_-1,role,"'continuous improvement', 'direct current (dc)', 'access control', 'functional testing', 'ibm rational doors', 'leadership development', 'naval operations', 'peer review', 'presentation skills', 'proposal writing'"
lead electrical engineer,lead electrical engineer_1,role,"'electrical systems', 'power distribution systems', 'power supply design'"
lead manufacturing technician production supervisor,lead manufacturing technician production supervisor_-1,role,"'quality inspection', 'lean manufacturing', 'mechanical processes', 'protocol execution', 'supervisory skills', 'system integration'"
lead systems engineer,lead systems engineer_0,role,"'cmpro software', 'conflict management', 'delivery management', 'microsoft project', 'microsoft visio', 'procurement', 'project planning', 'staffing'"
lead systems engineer,lead systems engineer_-1,role,"'continuous improvement', 'direct current (dc)', 'access control', 'functional testing', 'ibm rational doors', 'leadership development', 'naval operations', 'peer review', 'presentation skills', 'proposal writing'"
lead systems engineer,lead systems engineer_1,role,"'electrical systems', 'power distribution systems', 'power supply design'"
lead test engineer,lead test engineer_0,role,"'c# programming', 'java programming', 'objective-c programming', 'quest software'"
lead test engineer,lead test engineer_1,role,"'cd-rom media', 'device drivers', 'mac os', 'multimedia production', 'operating systems', 'policy development', 'product development', 'usb technology', 'windows vista'"
lead test engineer,lead test engineer_-1,role,"'ceridian hris', 'cisco', 'cost reduction', 'functional testing', 'intel processors', 'linux administration', 'printer support', 'document scanning', 'scheduling', 'sound card configuration', 'sun microsystems', 'data validation'"
lead test engineer,lead test engineer_2,role,"'quality inspection', 'business process improvement'"
lean six sigma intern,lean six sigma intern_-1,role,"'analysis of variance (anova)', 'dcs', 'fmea', 'gage repeatability and reproducibility (gage r&r)', 'kaizen methodology', 'minitab', 'statistical process control (spc)', 'value stream mapping'"
lean six sigma intern,lean six sigma intern_0,role,"'dmaic methodology', 'root cause analysis'"
lean six sigma intern,lean six sigma intern_1,role,"'lean manufacturing', 'pro/engineer', 'process capability analysis'"
lecturer in environmental science and technology,lecturer in environmental science and technology_-1,role,"'.net', 'environmental protection', 'environmental science', 'meeting management', 'natural language processing', 'business process improvement', 'shipping and receiving', 'tableau', 'technical support'"
lecturer in environmental science and technology,lecturer in environmental science and technology_1,role,"'c# programming', 'progress software'"
lecturer in environmental science and technology,lecturer in environmental science and technology_0,role,"'curriculum development', 'instructor', 'lecturing'"
lecturer in environmental science and technology,lecturer in environmental science and technology_2,role,"'data warehousing', 'database design', 'geographic information systems (gis)', 'oracle database', 'statistical package for the social sciences (spss)', 'sql', 'statistics'"
lighting field engineering technician,lighting field engineering technician_-1,role,"'geographic information systems (gis)', 'lighting design'"
logistics coordinator / sr. lab technician,logistics coordinator / sr. lab technician_-1,role,"'closing procedures', 'direction', 'forklift and crane operation', 'law enforcement', 'mechanical theory', 'non-destructive testing (ndt)', 'oral communication', 'business process improvement', 'progress software', 'simulation', 'supervision'"
logistics coordinator / sr. lab technician,logistics coordinator / sr. lab technician_0,role,"'hand tool operation', 'procurement', 'receiving', 'scheduling', 'shipping and receiving', 'test equipment'"
logistics coordinator / sr. lab technician,logistics coordinator / sr. lab technician_1,role,"'computer programming', 'robotics'"
machine learning and data analysis associate,machine learning and data analysis associate_-1,role,"'predictive modeling', 'related skills'"
machine learning and deep learning engineer,machine learning and deep learning engineer_-1,role,"'data classification', 'data science', 'decision trees', 'loss optimization', 'matplotlib', 'numpy', 'opencv', 'pandas (python library)', 'random forest algorithm', 'regression analysis', 'scikit-learn'"
machine learning developer,machine learning developer_-1,role,"'artificial intelligence', 'conversational ai', 'data extraction', 'flutter framework', 'haskell programming', 'natural language processing (nlp)', 'nltk', 'numpy', 'time series analysis', 'sql', 'text analysis'"
machine learning engineer,machine learning engineer_-1,role,"'linear regression', 'selenium testing', 'docker', 'glove handling', 'spacy', 'natural language processing (nlp)', 'unsupervised learning', 'linux administration', 'kubernetes', 'devops', 'mongodb', 'jenkins ci', 'angularjs', 'postgresql', 'apache lucene', 'apache kafka', 'java programming', 'mlops', 'scikit-learn', 'bert', 'recurrent neural network (rnn)', 'hugging face', 'jira', 'long short-term memory (lstm)', 'keras', 'model development', 'flask (python framework)'"
machine learning engineer,machine learning engineer_0,role,"'data processing', 'computer vision', 'machine learning engineer', 'regression analysis', 'artificial intelligence', 'data science', 'data wrangling', 'data manipulation', 'graphics processing unit (gpu)', 'sql', 'big data analytics'"
machine learning engineer,machine learning engineer_1,role,"'tensorflow', 'matplotlib', 'numpy', 'pandas (python library)', 'pyspark', 'pytorch'"
machine learning engineer intern,machine learning engineer intern_-1,role,"'docker', 'haskell programming', 'high-performance computing (hpc)', 'jax', 'linux administration', 'matplotlib', 'natural language processing (nlp)', 'numpy', 'pandas (python library)', 'pytorch', 'scikit-learn', 'spacy', 'sql', 'tensorflow'"
machine learning intern,machine learning intern_-1,role,"'bert', 'data science', 'devops', 'docker', 'empirical modeling', 'flask (python framework)', 'glove handling', 'graphics processing unit (gpu)', 'k-means clustering', 'keras', 'linux administration', 'logistic regression', 'long short-term memory (lstm)', 'apache lucene', 'natural language processing (nlp)', 'numpy', 'pandas (python library)', 'pytorch', 'recurrent neural network (rnn)', 'spacy'"
machine learning junior developer,machine learning junior developer_-1,role,"'cluster analysis', 'correlation analysis', 'decision trees', 'linear regression', 'logistic regression', 'natural language processing (nlp)', 'principal component analysis (pca)', 'r programming', 'statistical package for the social sciences (spss)'"
machine learning scientist,machine learning scientist_0,role,"'it management', 'diagnostic software'"
machine learning scientist,machine learning scientist_1,role,"'hardware and software installation', 'computer networking'"
machine learning scientist,machine learning scientist_-1,role,"'long short-term memory (lstm)', 'pytorch'"
mail   software quality engineer,mail   software quality engineer_-1,role,"'adt security systems', 'basis accounting', 'billing', 'client-server architecture', 'collections', 'dbase iv', 'design review', 'dispatching', 'dos', 'graphical user interface (gui) design', 'ieee standards', 'quality inspection', 'invoicing', 'java programming', 'linux administration', 'lotus notes', 'microsoft access', 'visual basic', 'novell netware', 'pocket pc', 'progress software', 'proposal writing', 'retail marketing', 'scheduling', 'shipping and receiving', 'unix', 'voice over ip (voip)', 'windows 95'"
mail   software quality engineer,mail   software quality engineer_0,role,"'application analysis', 'application support', 'solution architecture', 'back-end development', 'black box testing', 'business intelligence (bi)', 'case management', 'contract management', 'data acquisition', 'data collection', 'data integrity', 'data warehousing', 'database systems', 'ibm db2', 'dbase', 'data encryption', 'file management', 'systems integration', 'integration testing', 'systems integrator', 'issues management', 'product development', 'oracle database', 'qa testing', 'regression testing', 'retail operations', 'storage area network (san)', 'information security', 'sql', 'structured programming', 'system integration', 'technical support', 'test case development', 'test planning', 'usability testing', 'visual testing', 'white box testing'"
mail   software quality engineer,mail   software quality engineer_1,role,"'file transfer protocol (ftp)', 'ipx protocol', 'local area network (lan)', 'netbeui protocol', 'computer networking', 'transmission control protocol (tcp)', 'tcp/ip networking', 'wireless application protocol (wap)', 'wireless networking'"
maintenance administrator,maintenance administrator_-1,role,"'assistance', 'ccp', 'interior decorating', 'icgs/idds systems', 'lfacs system', 'lotus sametime', 'microstation', 'event planning', 'office switchboard operation', 'plat indexes', 'requestnet', 'ringbuilder software', 'network switching', 'tirks system', 'traffic control systems', 'event management', 'microsoft word', 'workforce management systems', 'wsam image'"
maintenance manager/safety & environmental manager,maintenance manager/safety & environmental manager_0,role,"'apple computers', 'wonderware'"
maintenance manager/safety & environmental manager,maintenance manager/safety & environmental manager_2,role,"'basic computer skills', 'computer networking', 'computer programming'"
maintenance manager/safety & environmental manager,maintenance manager/safety & environmental manager_-1,role,"'blueprint reading', 'california regulations', 'direct current (dc)', 'directing', 'equipment installation', 'filling operations', 'fire protection systems', 'food safety', 'hammer operation', 'labor relations', 'maintenance scheduling', 'microsoft access', 'windows nt server', 'microwave engineering', 'national electrical code (nec)', 'novell netware', 'plumbing', 'record keeping', 'supervisory control and data acquisition (scada)', 'staffing', 'supervision', 'technical support', 'ultra high frequency (uhf)', 'data validation', 'data visualization', 'water quality testing'"
maintenance manager/safety & environmental manager,maintenance manager/safety & environmental manager_1,role,"'conceptual design', 'design and construction', 'instructional design', 'layout design', 'survey design'"
maintenance manager/safety & environmental manager,maintenance manager/safety & environmental manager_4,role,"'contract management', 'delivery management', 'utilities management'"
maintenance manager/safety & environmental manager,maintenance manager/safety & environmental manager_3,role,"'electrical systems', 'hvac systems', 'power distribution systems', 'radio communications', 'transmission systems', 'very high frequency (vhf)'"
maintenance technician,maintenance technician_-1,role,"'blueprint reading', 'global positioning system (gps)', 'windows nt server', 'equipment installation', 'security clearance', 'direct current (dc)', 'novell directory services (nds)', 'california regulations', 'national electrical code (nec)', 'record keeping', 'food safety', 'market positioning', 'filling operations', 'storage area network (san)', 'microsoft access', 'naval operations', 'carpentry', 'directing', 'fax machine operation', 'conversion rate optimization (cro)', 'direction'"
maintenance technician,maintenance technician_1,role,"'form design', 'scheduling', 'electrical systems', 'utilities management', 'supervisory control and data acquisition (scada)', 'labor relations', 'computer networking', 'power distribution systems', 'novell netware', 'computer programming', 'microwave engineering', 'very high frequency (vhf)', 'welding', 'broadcast engineering', 'wonderware', 'instructional design', 'design and construction', 'survey design', 'layout design', 'lighting design', 'fire protection systems', 'power supply design', 'business communications', 'council management', 'apple computers', 'government regulations', 'technical support', 'conceptual design', 'radio communications', 'chiller systems', 'open source software (oss)', 'cabling systems', 'sensor technology', 'ultra high frequency (uhf)', 'contract management', 'automotive engineering', 'transmission systems', 'maple software', 'pneumatics', 'delivery management', 'basic computer skills', 'hammer operation', 'plumbing', 'maintenance scheduling', 'hvac systems'"
maintenance technician,maintenance technician_2,role,"'laboratory testing', 'water quality testing', 'quality inspection'"
maintenance technician,maintenance technician_0,role,"'data sorting', 'data validation', 'data visualization'"
manager,manager_-1,role,"'focus erp', 'systems integration', 'email communication', 'newsletter creation', 'energy efficiency', 'closing procedures', 'geometry', 'sales techniques', 'accounts payable', 'sensor technology', 'algebra', 'process analysis', 'proposal writing', 'computer networking', 'data visualization', 'functional testing', 'videoscribe', 'needs assessment'"
manager,manager_1,role,"'leadership training', 'form design', 'solution design', 'team building', 'training design', 'project planning', 'business processes', 'instructor', 'people development', 'recruiting', 'training materials', 'instructional design', 'leadership development', 'business development'"
manager,manager_2,role,"'change management', 'utilities management', 'front office management', 'program management', 'product management', 'contract management', 'delivery management'"
manager,manager_0,role,"'financial reporting', 'finance', 'billing', 'insurance'"
manager   maintenance and reliability,manager   maintenance and reliability_-1,role,"'construction management', 'facility modifications', 'recruiting', 'quality inspection', 'laser technology', 'negotiation', 'paper converting equipment operation', 'business process improvement', 'simulation', 'statistical process control (spc)', 'supervision'"
manager / new york state licensed real estate salesperson,manager / new york state licensed real estate salesperson_-1,role,"'solution architecture', 'business case analysis', 'closing procedures', 'coding', 'ibm cognos', 'presentation skills', 'finance', 'financial modeling', 'negotiation', 'office management', 'oracle financials', 'business process improvement', 'progress software', 'real estate', 'report generation'"
manager engineering manufacturing systems engineering manager,manager engineering manufacturing systems engineering manager_-1,role,"'blackboard learning system', 'business objects', 'clarity ppm', 'ibm cognos', 'access control', 'electronic health records (ehr)', 'er/studio', 'facet analysis', 'hboc systems', 'heat transfer', 'i-max technology', 'idx broker', 'macess software', 'minitab', 'microsoft onenote', 'oracle database', 'pcanywhere', 'microsoft powerpoint', 'statistical package for the social sciences (spss)', 'microsoft visio'"
manager engineering process initiatives manager,manager engineering process initiatives manager_-1,role,"'blackboard learning system', 'business objects', 'clarity ppm', 'ibm cognos', 'access control', 'electronic health records (ehr)', 'er/studio', 'facet analysis', 'hboc systems', 'heat transfer', 'i-max technology', 'idx broker', 'macess software', 'minitab', 'microsoft onenote', 'oracle database', 'pcanywhere', 'microsoft powerpoint', 'statistical package for the social sciences (spss)', 'microsoft visio'"
manager engineering process manager,manager engineering process manager_-1,role,"'blackboard learning system', 'business objects', 'clarity ppm', 'ibm cognos', 'access control', 'electronic health records (ehr)', 'er/studio', 'facet analysis', 'hboc systems', 'heat transfer', 'i-max technology', 'idx broker', 'macess software', 'minitab', 'microsoft onenote', 'oracle database', 'pcanywhere', 'microsoft powerpoint', 'statistical package for the social sciences (spss)', 'microsoft visio'"
"manager, quality engineering","manager, quality engineering_-1",role,"'calibration', 'cleaning in place (cip)', 'computer numerical control (cnc)', 'injection molding', 'manufacturing', 'manufacturing yield improvement', 'minitab', 'microsoft project', 'microsoft visio', 'creo parametric', 'statgraphics'"
manager/assistant service coordinator,manager/assistant service coordinator_-1,role,"'anatomy knowledge', 'osha regulations', 'it support'"
manager/assistant service coordinator,manager/assistant service coordinator_0,role,"'procedure development', 'engineering standards', 'information security'"
manager/assistant service coordinator,manager/assistant service coordinator_1,role,"'database servers', 'lan administration', 'tcp/ip networking'"
managing partner/controller,managing partner/controller_-1,role,"'online advertising', 'balance sheet preparation', 'benefits administration', 'business intelligence (bi)', 'bookkeeping', 'community health', 'contract management', 'certified public accountant (cpa)', 'credit analysis', 'finance', 'financial statement preparation', 'fund management', 'general ledger accounting', 'hospice care', 'hyperion systems', 'insurance', 'software proficiency', 'payroll processing', 'procurement', 'proposal writing', 'quickbooks', 'report generation', 'revenue recognition', 'sage accounting software', 'tax preparation', 'tax law', 'trial balance'"
manufacturing engineer,manufacturing engineer_-1,role,"'microsoft word', 'scheduling', 'microsoft powerpoint', 'manufacturing resource planning (mrp)', 'team building', 'electrical wiring', 'physics', 'decision-making', 'pascal programming', 'router configuration', 'test equipment', 'protel pcb design', 'data access', 'supervision', 'purchasing', 'content management system (cms)'"
manufacturing engineer,manufacturing engineer_0,role,"'new product development', 'manufacturing engineering', 'computer programming', 'product design'"
manufacturing engineer,manufacturing engineer_1,role,"'shipping and receiving', 'delivery management'"
"manufacturing engineer, project engineer, sales engineer, product development engineer, and manufacturing engineering manager","manufacturing engineer, project engineer, sales engineer, product development engineer, and manufacturing engineering manager_-1",role,"'process documentation', 'production management', 'vendor selection'"
manufacturing engineering intern,manufacturing engineering intern_-1,role,"'advanced manufacturing techniques', 'material selection', 'engineering analysis', 'cae software', 'design for manufacturing (dfm)', 'bill of materials (bom) management', 'sculpting', 'sheet metal fabrication'"
manufacturing lead,manufacturing lead_-1,role,"'digital equipment corporation (dec) systems', 'quality inspection', 'meeting management', 'computer networking', 'operating systems', 'oracle database', 'microsoft powerpoint', 'presentation skills', 'progress software', 'router configuration', 'scheduling', 'shipping and receiving'"
manufacturing project engineer,manufacturing project engineer_-1,role,"'content management system (cms)', 'delivery management', 'manufacturing engineering', 'manufacturing resource planning (mrp)', 'microsoft powerpoint', 'protel pcb design', 'purchasing', 'receiving', 'router configuration', 'scheduling', 'shipping and receiving', 'supervision', 'test equipment', 'electrical wiring'"
manufacturing quality engineer,manufacturing quality engineer_1,role,"'.net', 'c# programming', 'microsoft visual studio', 'microsoft powerpoint', 'microsoft visio', 'visual basic'"
manufacturing quality engineer,manufacturing quality engineer_2,role,"'computer numerical control (cnc)', 'simulation software'"
manufacturing quality engineer,manufacturing quality engineer_-1,role,"'continuous improvement', 'data collection', 'foreign languages', 'lathe operation', 'layout design', 'philosophy', 'simulation', 'sql'"
manufacturing quality engineer,manufacturing quality engineer_0,role,"'new product development', 'product design', 'project planning'"
manufacturing quality engineer,manufacturing quality engineer_3,role,"'business process improvement', 'statistical process control (spc)'"
manufacturing technician,manufacturing technician_-1,role,"'cpr/first aid certified', 'direction', 'first aid', 'intel processors', 'natural language processing', 'physics', 'microsoft powerpoint', 'pspice', 'public speaking', 'verilog hdl', 'vi text editor', 'windows 2000'"
manufacturing technician,manufacturing technician_0,role,"'data acquisition', 'digital design', 'electronics', 'fashion design', 'oscilloscope operation', 'sql', 'statistics', 'supervisory control and data acquisition (scada)', 'systems design'"
manufacturing technician,manufacturing technician_1,role,"'labview', 'matlab', 'vhdl'"
marketing director,marketing director_0,role,"'seminar management', 'team building', 'time management', 'meeting management', 'computer networking', 'mentoring', 'organization skills', 'market research'"
marketing director,marketing director_1,role,"'assisted living', 'mathematics', 'first aid', 'internal medicine', 'insurance', 'orthopedics'"
marketing director,marketing director_-1,role,"'adobe photoshop', 'microsoft access', 'algebra', 'outside sales', 'adobe illustrator'"
marketing manager,marketing manager_-1,role,"'pentaho', 'data migration', 'team building', 'horizontal analysis', 'medical devices', 'real estate', 'pharmacy', 'fedex operations', 'federal acquisition regulations (far)', 'outpatient care', 'analog-to-digital conversion (adc)', 'progress software', 'fundraising', 'computer networking', 'cascading style sheets (css)', 'siebel crm', 'mentoring', 'white paper writing', 'hospital pharmacy', 'instructor', 'java programming', 'sql'"
marketing manager,marketing manager_0,role,"'finance', 'solution architecture', 'business development', 'contract management', 'promotional marketing', 'marketing collateral', 'business intelligence (bi)', 'sales growth', 'master of business administration (mba)', 'systems integration', 'mckesson systems', 'retail operations', 'lending', 'sales management', 'proposal development', 'investor relations', 'project planning', 'pricing strategy', 'business process improvement', 'retail marketing', 'public relations (pr)', 'fannie mae', 'business writing', 'marketing department management', 'loan origination', 'act! crm', 'systems integrator', 'business correspondence', 'market research', 'business-to-customer (b2c)', 'market share analysis'"
marketing manager,marketing manager_4,role,"'microsoft powerpoint', 'computer programming', 'graphic design', 'adobe illustrator', 'microsoft visio', 'microsoft word', 'microsoft publisher', 'adobe photoshop', 'microsoft access'"
marketing manager,marketing manager_2,role,"'mathematics', 'algebra', 'geometry'"
marketing manager,marketing manager_3,role,"'robotics', 'sensor technology'"
marketing manager,marketing manager_1,role,"'government-sponsored enterprise (gse)', 'software as a service (saas)', 'government regulations'"
marketing/outside physician rep,marketing/outside physician rep_0,role,"'insurance', 'internal medicine', 'orthopedics'"
marketing/outside physician rep,marketing/outside physician rep_1,role,"'meeting management', 'mentoring', 'computer networking', 'organization skills', 'seminar management'"
marketing/outside physician rep,marketing/outside physician rep_-1,role,'outside sales'
material handler,material handler_0,role,"'floor plan design', 'renovation', 'carpentry'"
material handler,material handler_1,role,"'office administration', 'messaging systems', 'multitasking', 'computer programming', 'microsoft access'"
material handler,material handler_-1,role,"'frame analysis', 'blueprint reading', 'reading comprehension', 'autodesk revit', 'email communication', 'market research', 'supervision', 'self-motivation'"
material/production planner,material/production planner_-1,role,"'closing procedures', 'direction', 'forklift and crane operation', 'law enforcement', 'mechanical theory', 'non-destructive testing (ndt)', 'oral communication', 'business process improvement', 'progress software', 'simulation', 'supervision'"
material/production planner,material/production planner_0,role,"'hand tool operation', 'procurement', 'receiving', 'scheduling', 'shipping and receiving', 'test equipment'"
material/production planner,material/production planner_1,role,"'computer programming', 'robotics'"
mathematics and statistics tutor,mathematics and statistics tutor_0,role,"'algebra', 'mathematics', 'geometry', 'grading and evaluation', 'quantitative analysis'"
mathematics and statistics tutor,mathematics and statistics tutor_1,role,"'classroom monitoring', 'esl teaching'"
mathematics and statistics tutor,mathematics and statistics tutor_-1,role,"'google docs', 'presentation skills', 'procurement', 'sql', 'student support', 'technology integration'"
mechanical design engineer,mechanical design engineer_-1,role,"'latex', 'lean manufacturing', 'systems tool kit (stk)', 'ansys', 'r programming', 'solidworks', 'microsoft project'"
mechanical engineering intern,mechanical engineering intern_-1,role,"'acrylic painting', 'advanced manufacturing techniques', 'material selection', 'engineering analysis', 'cae software', 'conceptual design', 'design for manufacturing (dfm)', 'engineer in training (eit)', 'bill of materials (bom) management', 'graphic design', 'laser technology', 'microsoft powerpoint', 'microsoft word', 'progress software', 'proposal writing', 'report generation', 'robotics', 'sculpting', 'sheet metal fabrication', 'solidworks', 'statistics', 'time management', 'welding'"
mechanical engineering tutor,mechanical engineering tutor_0,role,"'basic computer skills', 'graphical user interface (gui) design', 'matlab', 'law enforcement', 'progress software', 'retail operations', 'scheduling', 'visual basic for applications (vba)'"
mechanical engineering tutor,mechanical engineering tutor_-1,role,"'calculus', 'credit analysis', 'laser technology', 'layout design', 'microsoft powerpoint'"
mechanical engineering tutor,mechanical engineering tutor_1,role,"'physics', 'statistics'"
mechanical technician,mechanical technician_-1,role,"'closing procedures', 'direction', 'forklift and crane operation', 'law enforcement', 'mechanical theory', 'non-destructive testing (ndt)', 'oral communication', 'business process improvement', 'progress software', 'simulation', 'supervision'"
mechanical technician,mechanical technician_0,role,"'hand tool operation', 'procurement', 'receiving', 'scheduling', 'shipping and receiving', 'test equipment'"
mechanical technician,mechanical technician_1,role,"'computer programming', 'robotics'"
medical receptionist,medical receptionist_-1,role,"'account balancing', 'capital expenditures (capex)', 'civil engineering', 'contract management', 'direct current (dc)', 'design and construction', 'expense reporting', 'cash handling', 'meeting management', 'microstation', 'microsoft powerpoint', 'microsoft word', 'peak analysis', 'contract preparation', 'prime contract management', 'project planning', 'record keeping', 'technical specifications', 'transportation logistics', 'utilities management'"
medical technologist,medical technologist_-1,role,"'analytical skills', 'dras', 'lombardi bpm', 'workbench', 'complex problem solving', 'ibm lombardi', 'microsoft excel vlookup'"
medical technologist,medical technologist_0,role,"'business objects', 'eagle system', 'pega systems', 'eagle accounting system', 'macros'"
medical technologist,medical technologist_1,role,"'microsoft access', 'microsoft powerpoint', 'microsoft word'"
member,member_-1,role,"'adobe photoshop', 'artificial intelligence', 'cyber ethics', 'differential equations', 'discrete mathematics', 'dropbox', 'google calendar', 'google drive', 'iwork', 'linux administration', 'mozilla thunderbird', 'mac os x', 'sublime text', 'textwrangler', 'unity (game engine)', 'unix terminal'"
member,member_1,role,"'android development', 'c# programming', 'ios development', 'java programming', 'swift programming', 'xamarin'"
member,member_0,role,"'computer graphics', 'microsoft visual studio'"
mentor,mentor_-1,role,"'java programming', 'sql', 'swift programming'"
microwave communications technician,microwave communications technician_0,role,"'apple computers', 'wonderware'"
microwave communications technician,microwave communications technician_2,role,"'basic computer skills', 'computer networking', 'computer programming'"
microwave communications technician,microwave communications technician_-1,role,"'blueprint reading', 'california regulations', 'direct current (dc)', 'directing', 'equipment installation', 'filling operations', 'fire protection systems', 'food safety', 'hammer operation', 'labor relations', 'maintenance scheduling', 'microsoft access', 'windows nt server', 'microwave engineering', 'national electrical code (nec)', 'novell netware', 'plumbing', 'record keeping', 'supervisory control and data acquisition (scada)', 'staffing', 'supervision', 'technical support', 'ultra high frequency (uhf)', 'data validation', 'data visualization', 'water quality testing'"
microwave communications technician,microwave communications technician_1,role,"'conceptual design', 'design and construction', 'instructional design', 'layout design', 'survey design'"
microwave communications technician,microwave communications technician_4,role,"'contract management', 'delivery management', 'utilities management'"
microwave communications technician,microwave communications technician_3,role,"'electrical systems', 'hvac systems', 'power distribution systems', 'radio communications', 'transmission systems', 'very high frequency (vhf)'"
mis analyst,mis analyst_-1,role,"'business intelligence (bi)', 'data visualization', 'eda software', 'linear regression', 'logistic regression', 'mis reporting', 'mongodb', 'nosql databases', 'power bi', 'sql'"
monogram operator,monogram operator_0,role,"'critical thinking', 'strategic thinking'"
monogram operator,monogram operator_1,role,"'engineering knowledge', 'chemical engineering', 'engineering operations', 'engineering standards', 'quality inspection', 'business process improvement', 'staffing', 'technical support'"
monogram operator,monogram operator_-1,role,"'calibration', 'complex problem solving', 'document management testing', 'google docs', 'cross-functional collaboration', 'microsoft visio', 'standard operating procedures (sop)', 'validation'"
monogram operator,monogram operator_2,role,"'safety committee', 'supervision'"
mortgage specialist,mortgage specialist_-1,role,"'analog-to-digital conversion (adc)', 'fedex operations', 'horizontal analysis', 'instructor', 'mentoring', 'computer networking', 'pentaho', 'progress software', 'robotics', 'siebel crm', 'white paper writing'"
mortgage specialist,mortgage specialist_1,role,"'business-to-customer (b2c)', 'business intelligence (bi)', 'business development', 'business process improvement', 'business writing', 'contract management', 'business correspondence', 'fannie mae', 'federal acquisition regulations (far)', 'government regulations', 'finance', 'fundraising', 'government-sponsored enterprise (gse)', 'sales growth', 'systems integration', 'systems integrator', 'investor relations', 'lending', 'loan origination', 'market share analysis', 'marketing collateral', 'marketing department management', 'master of business administration (mba)', 'mckesson systems', 'pricing strategy', 'project planning', 'promotional marketing', 'proposal development', 'real estate', 'retail operations', 'retail marketing', 'sales management', 'solution architecture'"
mortgage specialist,mortgage specialist_2,role,"'hospital pharmacy', 'outpatient care', 'pharmacy'"
mortgage specialist,mortgage specialist_0,role,"'microsoft powerpoint', 'microsoft publisher', 'microsoft visio'"
mortgage underwriter,mortgage underwriter_0,role,"'accounts payable', 'general ledger'"
mortgage underwriter,mortgage underwriter_1,role,"'accounts receivable', 'administrative skills', 'business intelligence (bi)', 'computer applications', 'credit analysis', 'data entry', 'delivery management', 'email communication', 'insurance', 'telephone skills', 'policy development', 'microsoft powerpoint', 'quickbooks', 'sales reporting', 'microsoft word', 'workflow management'"
mortgage underwriter,mortgage underwriter_-1,role,"'closing procedures', 'driving', 'trial balance'"
multi skilled engineering manager,multi skilled engineering manager_0,role,"'cmpro software', 'conflict management', 'delivery management', 'microsoft project', 'microsoft visio', 'procurement', 'project planning', 'staffing'"
multi skilled engineering manager,multi skilled engineering manager_-1,role,"'continuous improvement', 'direct current (dc)', 'access control', 'functional testing', 'ibm rational doors', 'leadership development', 'naval operations', 'peer review', 'presentation skills', 'proposal writing'"
multi skilled engineering manager,multi skilled engineering manager_1,role,"'electrical systems', 'power distribution systems', 'power supply design'"
munitions systems journeyman,munitions systems journeyman_-1,role,"'labview', 'lean manufacturing'"
nanny,nanny_0,role,"'teamwork', 'artistic skills', 'meeting management', 'time management'"
nanny,nanny_-1,role,"'attention to detail', 'account balancing', 'critical thinking', 'dependability', 'determination', 'electrical systems', 'forklift operation', 'issue resolution', 'java programming', 'logo design', 'next.js', 'sales skills', 'business process improvement', 'manual dexterity', 'window installation'"
nanny,nanny_1,role,"'fast learner', 'pick programming language', 'quick learner', 'reading comprehension'"
network solutions consultant,network solutions consultant_0,role,"'technical authoring', 'invoicing', 'policy development', 'mentoring', 'sales management', 'relationship management', 'contract administration', 'bookkeeping', 'cisco', 'billing', 'directing', 'government regulations', 'staffing', 'delivery management'"
network solutions consultant,network solutions consultant_-1,role,'request for proposal (rfp)'
network solutions consultant,network solutions consultant_1,role,"'java programming', 'c# programming', 'perl programming'"
network systems qa tester,network systems qa tester_-1,role,"'client-server architecture', 'decisiveness', 'desktop support', 'time management', 'functional testing', 'laptop repair', 'data migration', 'printer management', 'network interface cards (nics)', 'operations analysis', 'product improvement', 'solidworks', 'progress software', 'purchasing', 'raid configuration', 'root cause analysis', 'server administration', 'usability testing', 'data validation', 'windows vista'"
network systems qa tester,network systems qa tester_0,role,"'computer networking', 'computer sales', 'hp hardware', 'hp netservers', 'operating systems'"
network systems qa tester,network systems qa tester_1,role,"'technical specifications', 'technical planning', 'technical support'"
new business development manager,new business development manager_-1,role,"'business strategy', 'mentoring', 'policy development', 'delivery management', 'presentation skills', 'email communication', 'direct mail marketing', 'directing', 'business development', 'graphic design', 'driving', 'inside sales', 'team building'"
nlp analyst,nlp analyst_-1,role,"'data cleansing', 'python data libraries', 'data transition', 'data visualization', 'natural language processing (nlp)', 'predictive analytics', 'scikit-learn'"
nlp developer intern,nlp developer intern_-1,role,"'natural language processing (nlp)', 'nltk', 'sentiment analysis', 'text analysis', 'text extraction'"
non commissioned officer,non commissioned officer_-1,role,"'cash receipts', 'directing', 'electrical drafting', 'instructional design', 'mentoring', 'natural gas operations', 'organization skills', 'law enforcement', 'progress software', 'sales promotions', 'proposal writing', 'reading comprehension', 'reconciliation', 'solidworks', 'supervision', 'supervisory skills'"
nuclear inspector,nuclear inspector_-1,role,"'computer literacy', 'database software', 'quality inspection', 'laundry operation', 'naval operations', 'national electrical code (nec)', 'radiography', 'real estate'"
nuclear inspector,nuclear inspector_0,role,"'contract management', 'cost reduction', 'central processing units (cpus)', 'electrical systems', 'energy management', 'facilities management', 'hvac systems', 'meeting management', 'business process improvement', 'procurement', 'supervision', 'technical support'"
nuclear inspector,nuclear inspector_1,role,"'plumbing', 'welding'"
nutrition clerk,nutrition clerk_-1,role,"'anatomy knowledge', 'osha regulations', 'it support'"
nutrition clerk,nutrition clerk_0,role,"'procedure development', 'engineering standards', 'information security'"
nutrition clerk,nutrition clerk_1,role,"'database servers', 'lan administration', 'tcp/ip networking'"
office assistant,office assistant_-1,role,"'selenium testing', 'visual studio code', 'tensorflow', 'docker'"
office coordinator,office coordinator_-1,role,"'telephone skills', 'form design', 'scheduling', 'travel arrangements', 'patient safety', 'office administration', 'data warehousing', 'team building', 'contract administration', 'pricing strategy', 'billing', 'benefits administration', 'transportation logistics', 'conference management', 'insurance', 'algebra', 'policy development', 'appointment scheduling', 'presentation skills', 'internet research', 'purchasing', 'staffing'"
office manager,office manager_0,role,"'microsoft word', 'office administration', 'office management', 'contract management'"
office manager,office manager_2,role,"'scheduling', 'payroll processing', 'job costing', 'automated payroll processing'"
office manager,office manager_1,role,"'accounts payable', 'general ledger accounting', 'bookkeeping', 'certified public accountant (cpa)', 'balance sheet preparation', 'cash handling', 'invoicing', 'accounts receivable', 'balance sheets'"
office manager,office manager_-1,role,"'microsoft powerpoint', 'timberline software', 'reconciliation', 'team building', 'cobol programming', 'progress software', 'journal entries', 'sage peachtree', 'as/400', 'quickbooks', 'general ledger', 'secretarial support', 'tax preparation', 'clerical skills'"
office manager/bookkeeper,office manager/bookkeeper_-1,role,"'accounts receivable', 'as/400', 'clerical skills', 'certified public accountant (cpa)', 'general ledger', 'invoicing', 'journal entries', 'sage peachtree', 'microsoft powerpoint', 'progress software', 'quickbooks', 'reconciliation', 'secretarial support', 'tax preparation', 'timberline software'"
office manager/bookkeeper,office manager/bookkeeper_0,role,"'automated payroll processing', 'job costing', 'payroll processing', 'scheduling'"
office manager/bookkeeper,office manager/bookkeeper_1,role,"'balance sheet preparation', 'balance sheets', 'bookkeeping', 'cash handling', 'general ledger accounting'"
office manager/bookkeeper,office manager/bookkeeper_2,role,"'contract management', 'office administration', 'office management', 'restaurant management'"
office manager/restaurant manager,office manager/restaurant manager_-1,role,"'accounts receivable', 'as/400', 'clerical skills', 'certified public accountant (cpa)', 'general ledger', 'invoicing', 'journal entries', 'sage peachtree', 'microsoft powerpoint', 'progress software', 'quickbooks', 'reconciliation', 'secretarial support', 'tax preparation', 'timberline software'"
office manager/restaurant manager,office manager/restaurant manager_0,role,"'automated payroll processing', 'job costing', 'payroll processing', 'scheduling'"
office manager/restaurant manager,office manager/restaurant manager_1,role,"'balance sheet preparation', 'balance sheets', 'bookkeeping', 'cash handling', 'general ledger accounting'"
office manager/restaurant manager,office manager/restaurant manager_2,role,"'contract management', 'office administration', 'office management', 'restaurant management'"
online course instructor,online course instructor_0,role,"'billing', 'finance', 'financial reporting'"
online course instructor,online course instructor_1,role,"'change management', 'contract management', 'delivery management', 'front office management', 'program management'"
online course instructor,online course instructor_-1,role,"'recruiting', 'needs assessment', 'accounts payable', 'project planning', 'videoscribe'"
online course instructor,online course instructor_2,role,"'instructional design', 'instructor', 'leadership training', 'training design', 'training materials'"
operating engineer / test technician,operating engineer / test technician_-1,role,"'closing procedures', 'direction', 'forklift and crane operation', 'law enforcement', 'mechanical theory', 'non-destructive testing (ndt)', 'oral communication', 'business process improvement', 'progress software', 'simulation', 'supervision'"
operating engineer / test technician,operating engineer / test technician_0,role,"'hand tool operation', 'procurement', 'receiving', 'scheduling', 'shipping and receiving', 'test equipment'"
operating engineer / test technician,operating engineer / test technician_1,role,"'computer programming', 'robotics'"
"operational excellence lead, google express","operational excellence lead, google express_0",role,"'algebra', 'mathematics', 'geometry', 'grading and evaluation', 'quantitative analysis'"
"operational excellence lead, google express","operational excellence lead, google express_1",role,"'classroom monitoring', 'esl teaching'"
"operational excellence lead, google express","operational excellence lead, google express_-1",role,"'google docs', 'presentation skills', 'procurement', 'sql', 'student support', 'technology integration'"
operations group manager,operations group manager_3,role,"'analytical skills', 'calculator skills'"
operations group manager,operations group manager_1,role,"'apple products', 'apple lion', 'apple numbers', 'apple pages'"
operations group manager,operations group manager_4,role,"'.net', 'microsoft access', 'microsoft project', 'microsoft visio', 'powersteering software', 'software training', 'vb.net', 'microsoft visual studio'"
operations group manager,operations group manager_-1,role,"'business objects', 'coaching', 'complex problem solving', 'cascading style sheets (css)', 'dmaic methodology', 'graphical user interface (gui) design', 'java programming', 'keynote', 'lean manufacturing', 'process flow diagram (pfd)', 'purchasing', 'reliability-centered maintenance (rcm)', 're-engineering', 'judgment', 'supervision', 'tango', 'user support', 'water treatment'"
operations group manager,operations group manager_2,role,"'change management', 'continuous improvement', 'facilities management', 'policy development', 'business process improvement'"
operations group manager,operations group manager_0,role,"'financial reporting', 'record keeping', 'report generation'"
operations manager,operations manager_0,role,"'computer programming', 'technology integration'"
operations manager,operations manager_3,role,"'mathematics', 'algebra', 'quantitative analysis', 'geometry'"
operations manager,operations manager_-1,role,"'account management', 'grading and evaluation', 'presentation skills', 'student support', 'google docs', 'procurement', 'microsoft access', 'sql', 'market research'"
operations manager,operations manager_2,role,"'classroom monitoring', 'tutoring', 'esl teaching'"
operations manager,operations manager_1,role,"'physics', 'sensor technology'"
operations specialist,operations specialist_-1,role,"'statistical package for the social sciences (spss)', 'electrical wiring', 'record keeping', 'downtime minimization', 'soldering', 'conceptual design', 'radar systems', 'working at heights', 'rigging', 'ultra high frequency (uhf)', 'geometric dimensioning and tolerancing (gd&t)', 'calibration'"
operations specialist,operations specialist_0,role,"'oscilloscope operation', 'broadcast engineering', 'technical planning', 'operations analysis', 'facilities management', 'computer networking', 'time management'"
operations specialist,operations specialist_1,role,"'test equipment', 'measurement'"
operations technician,operations technician_-1,role,"'electrical mechanical systems', 'engineering economy', 'industrial electricity', 'instrumentation and control systems'"
operator,operator_-1,role,"'lighting design', 'power distribution systems', 'computer programming', 'robotics'"
owner,owner_-1,role,"'american institute of architects (aia)', 'as/400', 'billing', 'bluebeam revu', 'bond trading', 'clerical skills', 'coding', 'medical imaging', 'insurance', 'jd edwards enterpriseone', 'negotiation', 'proposal writing', 'results-oriented', 'request for information (rfi)', 'tax law'"
owner,owner_0,role,"'business writing', 'construction management', 'contract management', 'business development', 'property management', 'sales management'"
owner,owner_1,role,"'project coordination', 'scheduling', 'event planning'"
owner / president,owner / president_0,role,"'c# programming', 'java programming', 'objective-c programming', 'quest software'"
owner / president,owner / president_1,role,"'cd-rom media', 'device drivers', 'mac os', 'multimedia production', 'operating systems', 'policy development', 'product development', 'usb technology', 'windows vista'"
owner / president,owner / president_-1,role,"'ceridian hris', 'cisco', 'cost reduction', 'functional testing', 'intel processors', 'linux administration', 'printer support', 'document scanning', 'scheduling', 'sound card configuration', 'sun microsystems', 'data validation'"
owner / president,owner / president_2,role,"'quality inspection', 'business process improvement'"
p&c producer and sales agent,p&c producer and sales agent_-1,role,"'delivery management', 'insurance', 'policy development', 'roofing'"
patent examiner,patent examiner_-1,role,"'calibration', 'cleaning in place (cip)', 'computer numerical control (cnc)', 'injection molding', 'manufacturing', 'manufacturing yield improvement', 'minitab', 'microsoft project', 'microsoft visio', 'creo parametric', 'statgraphics'"
patient relations supervisor,patient relations supervisor_0,role,'leadership development'
payroll accountant,payroll accountant_0,role,"'accounts payable', 'accounts receivable', 'accruals', 'billing'"
payroll accountant,payroll accountant_-1,role,"'acquisitions', 'anytime scheduler', 'closing procedures', 'contract management', 'credit analysis', 'frx financial reporting', 'insurance', 'jd edwards enterpriseone', 'job costing', 'kronos workforce management', 'lotus notes', 'sage mas 90', 'munis', 'netscape messenger', 'quickbooks'"
payroll accountant,payroll accountant_1,role,"'financial controller', 'fixed asset accounting', 'general ledger accounting'"
personal auto underwriter,personal auto underwriter_0,role,"'accounts payable', 'general ledger'"
personal auto underwriter,personal auto underwriter_1,role,"'accounts receivable', 'administrative skills', 'business intelligence (bi)', 'computer applications', 'credit analysis', 'data entry', 'delivery management', 'email communication', 'insurance', 'telephone skills', 'policy development', 'microsoft powerpoint', 'quickbooks', 'sales reporting', 'microsoft word', 'workflow management'"
personal auto underwriter,personal auto underwriter_-1,role,"'closing procedures', 'driving', 'trial balance'"
plant manager/project manager,plant manager/project manager_0,role,"'computer numerical control (cnc)', 'mathematics', 'computer networking', 'computer programming'"
plant manager/project manager,plant manager/project manager_1,role,"'layout design', 'packaging design', 'presentation skills'"
plant manager/project manager,plant manager/project manager_-1,role,"'policy development', 'record keeping'"
poling clerk,poling clerk_0,role,"'cabling installation', 'hardware installation', 'network installation', 'network design', 'operating systems', 'network troubleshooting'"
poling clerk,poling clerk_1,role,"'database administration', 'database programming', 'linux programming', 'java programming'"
poling clerk,poling clerk_-1,role,"'firewall administration', 'ip addressing', 'monitoring and evaluation (m&e)', 'negotiation'"
precision machinist,precision machinist_0,role,"'computer numerical control (cnc)', 'mathematics', 'computer networking', 'computer programming'"
precision machinist,precision machinist_1,role,"'layout design', 'packaging design', 'presentation skills'"
precision machinist,precision machinist_-1,role,"'policy development', 'record keeping'"
principal software engineer,principal software engineer_4,role,"'mentoring', 'onboarding'"
principal software engineer,principal software engineer_3,role,"'web page design', 'conceptual design', 'methodology', 'graphical user interface (gui) design'"
principal software engineer,principal software engineer_2,role,"'audio engineering', 'broadcast engineering', 'bridge engineering', 'technical specifications'"
principal software engineer,principal software engineer_1,role,"'network attached storage (nas)', 'data migration', 'local area network (lan)', 'storage area network (san)', 'windows explorer', 'microsoft access', 'data backup', 'sql', 'data access', 'nosql databases'"
principal software engineer,principal software engineer_-1,role,"'intellectual property (ip)', 'window installation', 'dynamic html5', 'performance reviews', 'android development', 'mediation', 'california regulations', 'xml', 'affirmative action compliance', 'devops', 'command line interface (cli)', 'content creation', 'json', 'mathematics', 'file transfer protocol (ftp)', 'threading', 'cascading style sheets (css)', 'megabytes (mb)', 'atl marketing', 'algebra', 'component object model (com)', 'intrusion detection systems (ids)', 'functional testing', 'software as a service (saas)', 'proxy servers'"
principal software engineer,principal software engineer_0,role,"'c# programming', 'r programming', 'java programming', 'perl programming', 'visual c++', 'ruby programming', 'object-oriented programming (oop)'"
principal software engineer,principal software engineer_5,role,"'recruiting', 'team building', 'innovation management', 'employee relations', 'compensation administration', 'workflow management', 'personnel records management', 'memory management', 'team management', 'server administration'"
process & tooling engineer,process & tooling engineer_-1,role,"'construction management', 'facility modifications', 'recruiting', 'quality inspection', 'laser technology', 'negotiation', 'paper converting equipment operation', 'business process improvement', 'simulation', 'statistical process control (spc)', 'supervision'"
process engineer,process engineer_0,role,"'chemistry', 'manufacturing', 'biotechnology', 'calibration'"
process engineer,process engineer_1,role,"'microsoft project', 'microsoft visio', 'microsoft access', 'trackwise'"
process engineer,process engineer_-1,role,"'ibm db2', 'computer numerical control (cnc)', 'cleaning in place (cip)', 'root cause analysis', 'manufacturing yield improvement', 'creo parametric', 'algebra', 'minitab', 'statgraphics', 'injection molding'"
process engineer and manufacturing staff,process engineer and manufacturing staff_0,role,"'charting', 'data visualization'"
process engineer and manufacturing staff,process engineer and manufacturing staff_-1,role,"'laser technology', 'natural gas operations', 'oral communication', 'data validation'"
process engineer and manufacturing staff,process engineer and manufacturing staff_1,role,"'oil industry', 'product development', 'staffing', 'supervisory skills', 'technical support', 'time management'"
process engineering intern,process engineering intern_-1,role,"'microsoft edge', 'laser technology'"
process engineering technician,process engineering technician_0,role,"'charting', 'data visualization'"
process engineering technician,process engineering technician_-1,role,"'laser technology', 'natural gas operations', 'oral communication', 'data validation'"
process engineering technician,process engineering technician_1,role,"'oil industry', 'product development', 'staffing', 'supervisory skills', 'technical support', 'time management'"
process technician,process technician_-1,role,"'mentoring', 'continuous improvement', 'business process improvement', 'lean manufacturing', 'new product development'"
product engineer intern,product engineer intern_-1,role,"'change management', 'defect management', 'embedded software development'"
product marketing specialist,product marketing specialist_-1,role,"'account management', 'team building', 'salesforce lead management', 'brand development', 'adobe photoshop', 'multitasking'"
production control analyst,production control analyst_-1,role,"'closing procedures', 'direction', 'forklift and crane operation', 'law enforcement', 'mechanical theory', 'non-destructive testing (ndt)', 'oral communication', 'business process improvement', 'progress software', 'simulation', 'supervision'"
production control analyst,production control analyst_0,role,"'hand tool operation', 'procurement', 'receiving', 'scheduling', 'shipping and receiving', 'test equipment'"
production control analyst,production control analyst_1,role,"'computer programming', 'robotics'"
production lead / process operator,production lead / process operator_0,role,"'charting', 'data visualization'"
production lead / process operator,production lead / process operator_-1,role,"'laser technology', 'natural gas operations', 'oral communication', 'data validation'"
production lead / process operator,production lead / process operator_1,role,"'oil industry', 'product development', 'staffing', 'supervisory skills', 'technical support', 'time management'"
production manager,production manager_-1,role,"'scheduling', 'chemistry', 'microsoft powerpoint', 'business-to-customer (b2c)', 'electrical wiring', 'router configuration', 'test equipment', 'protel pcb design', 'data access', 'supervision', 'contract negotiation'"
production manager,production manager_1,role,"'account management', 'content management system (cms)'"
production manager,production manager_0,role,"'manufacturing resource planning (mrp)', 'manufacturing engineering', 'business-to-business (b2b)', 'profit and loss (p&l) management', 'business development'"
production manager,production manager_2,role,"'shipping and receiving', 'delivery management', 'purchasing'"
production planner,production planner_-1,role,"'scheduling', 'microsoft powerpoint', 'electrical wiring', 'router configuration', 'test equipment', 'protel pcb design', 'root cause analysis', 'algebra', 'data access', 'statistics', 'supervision', 'purchasing', 'content management system (cms)'"
production planner,production planner_0,role,"'manufacturing resource planning (mrp)', 'manufacturing engineering', 'lean manufacturing'"
production planner,production planner_1,role,"'shipping and receiving', 'delivery management'"
production supervisor,production supervisor_1,role,"'pro/engineer', 'scheduling', 'process capability analysis', 'manufacturing resource planning (mrp)', 'shipping and receiving', 'manufacturing engineering', 'lean manufacturing', 'test equipment', 'protel pcb design', 'statistical process control (spc)', 'delivery management', 'supervision', 'purchasing'"
production supervisor,production supervisor_0,role,"'dmaic methodology', '5s methodology', 'kaizen methodology'"
production supervisor,production supervisor_-1,role,"'microsoft powerpoint', 'electrical wiring', 'dcs', 'router configuration', 'value stream mapping', 'root cause analysis', 'fmea', 'gage repeatability and reproducibility (gage r&r)', 'data access', 'visual basic', 'content management system (cms)', 'analysis of variance (anova)'"
production supervisor,production supervisor_2,role,"'geometry', 'algebra', 'sql', 'minitab'"
production technician,production technician_-1,role,"'modem configuration', 'business process improvement', 'scheduling', 'technical support'"
project accountant,project accountant_0,role,"'microsoft word', 'microsoft powerpoint', 'microsoft access', 'data access'"
project accountant,project accountant_-1,role,"'form design', 'scheduling', 'timberline software', 'direct current (dc)', 'progress software', 'as/400', 'tax preparation', 'record keeping', 'medical imaging', 'military experience', 'request for information (rfi)', 'results-oriented', 'international business', 'government regulations', 'home office setup', 'transportation logistics', 'ims database', 'accounts receivable', 'data backup', 'insurance', 'jd edwards enterpriseone', 'proposal writing', 'american institute of architects (aia)', 'tax law', 'bluebeam revu', 'receiving'"
project accountant,project accountant_1,role,"'negotiation', 'business writing', 'construction management', 'report generation', 'workshop facilitation', 'general ledger accounting', 'team building', 'agency management', 'prime contract management', 'financial reporting', 'bond trading', 'procurement', 'business administration', 'meeting management', 'billing', 'property management', 'financial controller', 'bookkeeping', 'contract management', 'event planning', 'trade show management', 'administrative skills', 'project coordination', 'presentation skills', 'purchasing', 'daily cash receipts', 'finance', 'clerical skills'"
project administrator,project administrator_0,role,"'scheduling', 'travel arrangements', 'report generation', 'general ledger accounting', 'team building', 'multitasking', 'prime contract management', 'financial reporting', 'tax preparation', 'meeting management', 'billing', 'email communication', 'financial controller', 'accounts receivable', 'contract management', 'insurance', 'business correspondence', 'daily cash receipts', 'finance'"
project administrator,project administrator_2,role,"'microsoft powerpoint', 'presentation skills'"
project administrator,project administrator_1,role,"'timberline software', 'microsoft visio'"
project administrator,project administrator_-1,role,"'progress software', 'critical thinking', 'active learning', 'results-oriented', 'public speaking', 'government regulations', 'data collection', 'proposal writing', 'american institute of architects (aia)', 'data entry', 'internet research'"
project administrator engineering,project administrator engineering_-1,role,"'american institute of architects (aia)', 'microsoft powerpoint', 'progress software'"
project administrator engineering,project administrator engineering_1,role,"'billing', 'contract management', 'financial controller', 'daily cash receipts', 'finance', 'financial reporting', 'general ledger accounting', 'government regulations', 'insurance', 'meeting management', 'prime contract management', 'report generation', 'tax preparation'"
project administrator engineering,project administrator engineering_0,role,"'form design', 'presentation skills', 'proposal writing'"
project coordinator,project coordinator_0,role,"'negotiation', 'business writing', 'construction management', 'team building', 'bond trading', 'property management', 'coding', 'billing', 'microsoft access', 'contract management', 'event planning', 'insurance', 'trade show management', 'proposal writing', 'american institute of architects (aia)', 'project coordination', 'software as a service (saas)'"
project coordinator,project coordinator_-1,role,"'clerical skills', 'as/400', 'medical imaging', 'request for information (rfi)', 'results-oriented', 'jd edwards enterpriseone', 'tax law', 'bluebeam revu'"
project coordinator,project coordinator_1,role,"'microsoft visio', 'geometry'"
project coordinator/ sales,project coordinator/ sales_-1,role,"'brand development', 'salesforce lead management'"
project engineer,project engineer_-1,role,"'scheduling', 'xilinx ise', 'motorola systems', 'psim software', 'data migration', 'team building', 'quickbooks', 'plastics manufacturing', 'material testing', 'siemens step 7', 'government contracting', 'medical devices', 'algebra', 'cash flow projections', 'renovation', 'iec 61131 programming', 'business process improvement', 'self-motivation', 'conversion rate optimization (cro)', 'jd edwards enterpriseone', 'bluehill testing software', 'direct current (dc)', 'autodesk inventor', 'instructional design', 'prioritization', 'allen bradley rslogix', 'labview', 'vhdl', 'sage peachtree', 'switchgear', '.net', 'statistics', 'critical thinking', 'physics', 'wago codesys', 'pspice', 'business processes', 'adobe flash', 'simulation', 'cisco', 'solidworks', 'cabling systems', 'dialysis', 'tendering', 'functional testing', 'hp hardware', 'internal audit', 'pro/engineer', 'intel processors', 'easypower software', 'billing', 'ansys', 'al gore fea', 'matlab', 'sql', 'proposal writing', 'data validation', 'direction'"
project engineer,project engineer_3,role,"'visual basic', 'data access', 'microsoft visio', 'microsoft word', 'microsoft project', 'microsoft access'"
project engineer,project engineer_1,role,"'product development', 'product management', 'agency management', 'new product development', 'market development', 'team management'"
project engineer,project engineer_2,role,"'computer programming', 'structured programming', 'ruby programming', 'java programming'"
project engineer,project engineer_0,role,"'engineering economy', 'electrical mechanical systems', 'power distribution systems', 'power generation', 'instrumentation and control systems', 'industrial electricity', 'hvac systems'"
project lead,project lead_-1,role,"'stakeholder management', 'emv systems', 'operating systems', 'payment terminal management', 'point of sale (pos) systems', 'talent management systems'"
project manager,project manager_-1,role,"'supervision', 'blueprint reading', 'scheduling', 'supervisory control and data acquisition (scada)', 'office administration', 'finance', 'microsoft powerpoint', 'big data analytics', 'android development', 'record keeping', 'fire protection systems', 'sales techniques', 'active learning', 'apple computers', 'filling operations', 'mathematics', 'proposal writing', 'requirements gathering', 'insurance', 'algebra', 'integrated reporting', 'gantt chart scheduling', 'bluebeam revu', 'technical support', 'dynamics ax', 'civil engineering', 'staffing', 'focus erp', 'novell netware', 'direct current (dc)', 'owasp zap', 'multitasking', 'california regulations', 'geometry', 'request for information (rfi)', 'billing', 'project scope management', 'cabling systems', 'email communication', 'water quality testing', 'event planning', 'windows nt server', 'plumbing', 'maintenance scheduling', 'software as a service (saas)', 'internet research', 'directing', 'travel arrangements', 'technology architecture', 'labor relations', 'report generation', 'microwave engineering', 'physics', 'wonderware', 'decision-making', 'survey design', 'as/400', 'bond trading', 'recruiting', 'critical thinking', 'results-oriented', 'public speaking', 'cascading style sheets (css)', 'cisco', 'workbench', 'american institute of architects (aia)', 'hammer operation', 'minute taking', 'negotiation', 'equipment installation', 'microsoft visio', 'national electrical code (nec)', 'medical imaging', 'food safety', 'underwriting', 'sensor technology', 'ultra high frequency (uhf)', 'jira', 'trade show management', 'jd edwards enterpriseone', 'requirements tracing', 'policy development', 'data validation', 'tax law', 'cost-benefit analysis'"
project manager,project manager_2,role,"'electrical systems', 'very high frequency (vhf)', 'power distribution systems', 'messaging systems', 'radio communications', 'transmission systems', 'hvac systems'"
project manager,project manager_1,role,"'computer programming', 'basic computer skills', 'computer networking', 'operating systems', 'coding', 'salesforce', 'java programming', 'scheme programming'"
project manager,project manager_4,role,"'data migration', 'data access', 'microsoft teams', 'data visualization', 'microsoft word', 'data entry', 'data warehousing', 'microsoft access', 'data collection'"
project manager,project manager_6,role,"'team building', 'project coordination'"
project manager,project manager_3,role,"'performance reviews', 'market evaluation', 'ad copywriting', 'direct marketing', 'advertising', 'online advertising'"
project manager,project manager_5,role,"'product design', 'business development', 'contract management', 'business process improvement', 'account management', 'instructional design', 'design and construction', 'relationship management', 'business administration', 'performance management', 'business correspondence', 'utilities management', 'construction management', 'conflict management', 'new product development', 'layout design', 'business processes', 'property management', 'business writing', 'business solutions', 'conceptual design', 'delivery management'"
project manager,project manager_0,role,"'database tables', 'oracle database', 'sql'"
project manager assistance,project manager assistance_-1,role,"'apqp', 'biotechnology', 'entry level skills', 'electrostatic discharge (esd) control', 'first article inspection', 'ieee standards', 'oscilloscope operation', 'packaging design', 'public relations (pr)', 'preventive maintenance', 'production processes', 'standard operating procedures (sop)'"
project manager assistance,project manager assistance_1,role,"'calibration', 'quality inspection'"
project manager assistance,project manager assistance_0,role,"'control system design', 'control systems', 'electrical mechanical systems', 'mechanical technician', 'medical devices', 'pneumatics', 'sensor technology', 'soldering', 'surface mount technology (smt)', 'temperature control', 'through-hole technology'"
proof operator,proof operator_0,role,"'accounts payable', 'accruals', 'account balancing', 'balance sheet preparation', 'balance sheets', 'benefits administration', 'billing', 'credit analysis', 'expense reporting', 'finance', 'financial reporting', 'general ledger accounting', 'insurance', 'business correspondence', 'profit and loss (p&l) analysis', 'real estate', 'report generation', 'tax preparation', 'treasury management'"
proof operator,proof operator_-1,role,"'cobol programming', 'dialysis', 'month-end close', 'microsoft powerpoint', 'primary care', 'business process improvement', 'settlements', 'tax law'"
proof operator,proof operator_1,role,"'computer programming', 'microsoft word'"
purchasing clerk,purchasing clerk_-1,role,"'civil engineering', 'multi-line phone systems', 'pick programming language', 'microsoft powerpoint', 'proofreading', 'shipping and receiving'"
purchasing clerk,purchasing clerk_0,role,"'front office management', 'meeting facilitation', 'meeting management', 'supervision', 'microsoft word'"
purchasing clerk,purchasing clerk_1,role,"'email communication', 'telephone skills'"
python developer intern,python developer intern_-1,role,"'bert', 'seaborn', 'sql'"
python developer intern,python developer intern_0,role,"'k-means clustering', 'natural language processing (nlp)', 'nltk', 'regression analysis', 'text analysis', 'time series analysis'"
python developer intern,python developer intern_1,role,"'k-nearest neighbors (knn)', 'matplotlib', 'numpy', 'pandas (python library)'"
python intern,python intern_-1,role,"'data visualization', 'pycharm ide'"
qa engineering manager,qa engineering manager_-1,role,"'stakeholder management', 'emv systems', 'operating systems', 'payment terminal management', 'point of sale (pos) systems', 'talent management systems'"
qa engineering team lead,qa engineering team lead_-1,role,"'adt security systems', 'basis accounting', 'billing', 'client-server architecture', 'collections', 'dbase iv', 'design review', 'dispatching', 'dos', 'graphical user interface (gui) design', 'ieee standards', 'quality inspection', 'invoicing', 'java programming', 'linux administration', 'lotus notes', 'microsoft access', 'visual basic', 'novell netware', 'pocket pc', 'progress software', 'proposal writing', 'retail marketing', 'scheduling', 'shipping and receiving', 'unix', 'voice over ip (voip)', 'windows 95'"
qa engineering team lead,qa engineering team lead_0,role,"'application analysis', 'application support', 'solution architecture', 'back-end development', 'black box testing', 'business intelligence (bi)', 'case management', 'contract management', 'data acquisition', 'data collection', 'data integrity', 'data warehousing', 'database systems', 'ibm db2', 'dbase', 'data encryption', 'file management', 'systems integration', 'integration testing', 'systems integrator', 'issues management', 'product development', 'oracle database', 'qa testing', 'regression testing', 'retail operations', 'storage area network (san)', 'information security', 'sql', 'structured programming', 'system integration', 'technical support', 'test case development', 'test planning', 'usability testing', 'visual testing', 'white box testing'"
qa engineering team lead,qa engineering team lead_1,role,"'file transfer protocol (ftp)', 'ipx protocol', 'local area network (lan)', 'netbeui protocol', 'computer networking', 'transmission control protocol (tcp)', 'tcp/ip networking', 'wireless application protocol (wap)', 'wireless networking'"
qa lead for customer care/service applications,qa lead for customer care/service applications_-1,role,"'adt security systems', 'basis accounting', 'billing', 'client-server architecture', 'collections', 'dbase iv', 'design review', 'dispatching', 'dos', 'graphical user interface (gui) design', 'ieee standards', 'quality inspection', 'invoicing', 'java programming', 'linux administration', 'lotus notes', 'microsoft access', 'visual basic', 'novell netware', 'pocket pc', 'progress software', 'proposal writing', 'retail marketing', 'scheduling', 'shipping and receiving', 'unix', 'voice over ip (voip)', 'windows 95'"
qa lead for customer care/service applications,qa lead for customer care/service applications_0,role,"'application analysis', 'application support', 'solution architecture', 'back-end development', 'black box testing', 'business intelligence (bi)', 'case management', 'contract management', 'data acquisition', 'data collection', 'data integrity', 'data warehousing', 'database systems', 'ibm db2', 'dbase', 'data encryption', 'file management', 'systems integration', 'integration testing', 'systems integrator', 'issues management', 'product development', 'oracle database', 'qa testing', 'regression testing', 'retail operations', 'storage area network (san)', 'information security', 'sql', 'structured programming', 'system integration', 'technical support', 'test case development', 'test planning', 'usability testing', 'visual testing', 'white box testing'"
qa lead for customer care/service applications,qa lead for customer care/service applications_1,role,"'file transfer protocol (ftp)', 'ipx protocol', 'local area network (lan)', 'netbeui protocol', 'computer networking', 'transmission control protocol (tcp)', 'tcp/ip networking', 'wireless application protocol (wap)', 'wireless networking'"
qa tester,qa tester_-1,role,"'progress software', 'desktop support', 'data validation', 'java programming', 'functional testing', 'decisiveness', 'solidworks', 'operations analysis', 'product improvement', 'purchasing', 'printer management', 'raid configuration', 'a+ certification', 'data migration', 'server administration', 'time management', 'usability testing', 'laptop repair', 'client-server architecture', 'sql', 'windows vista'"
qa tester,qa tester_1,role,"'computer networking', 'operating systems', 'computer sales', 'hp netservers', 'hp hardware'"
qa tester,qa tester_0,role,"'technical specifications', 'technical support', 'technical planning'"
quality analyst/document control specialist,quality analyst/document control specialist_-1,role,"'client-server architecture', 'decisiveness', 'desktop support', 'time management', 'functional testing', 'laptop repair', 'data migration', 'printer management', 'network interface cards (nics)', 'operations analysis', 'product improvement', 'solidworks', 'progress software', 'purchasing', 'raid configuration', 'root cause analysis', 'server administration', 'usability testing', 'data validation', 'windows vista'"
quality analyst/document control specialist,quality analyst/document control specialist_0,role,"'computer networking', 'computer sales', 'hp hardware', 'hp netservers', 'operating systems'"
quality analyst/document control specialist,quality analyst/document control specialist_1,role,"'technical specifications', 'technical planning', 'technical support'"
quality assurance analyst,quality assurance analyst_1,role,"'regression testing', 'visual basic', 'qa testing', 'dbase', 'file management', 'solution architecture', 'data warehousing', 'structured programming', 'white box testing', 'visual testing', 'ibm db2', 'oracle database', 'data integrity', 'data encryption', 'product development', 'issues management', 'systems integration', 'system integration', 'case management', 'test planning', 'data collection', 'contract management', 'sql', 'data access', 'black box testing', 'test case development', 'systems integrator', 'usability testing', 'information security', 'integration testing', 'database systems'"
quality assurance analyst,quality assurance analyst_-1,role,"'scheduling', 'unix', 'client-server architecture', 'novell netware', 'shipping and receiving', 'progress software', 'pocket pc', 'design review', 'microsoft visio', 'linux administration', 'quality inspection', 'billing', 'technical support', 'storage area network (san)', 'java programming', 'windows 95', 'dispatching', 'back-end development', 'retail operations', 'dbase iv', 'collections', 'adt security systems', 'invoicing', 'ieee standards', 'application support', 'proposal writing', 'graphical user interface (gui) design', 'voice over ip (voip)', 'basis accounting', 'microsoft access', 'dos', 'retail marketing', 'lotus notes'"
quality assurance analyst,quality assurance analyst_2,role,"'business intelligence (bi)', 'application analysis'"
quality assurance analyst,quality assurance analyst_0,role,"'wireless communication', 'wireless networking', 'computer networking', 'file transfer protocol (ftp)', 'local area network (lan)', 'transmission control protocol (tcp)', 'netbeui protocol', 'wireless application protocol (wap)', 'tcp/ip networking', 'ipx protocol'"
quality assurance engineering manager,quality assurance engineering manager_-1,role,"'adt security systems', 'basis accounting', 'billing', 'client-server architecture', 'collections', 'dbase iv', 'design review', 'dispatching', 'dos', 'graphical user interface (gui) design', 'ieee standards', 'quality inspection', 'invoicing', 'java programming', 'linux administration', 'lotus notes', 'microsoft access', 'visual basic', 'novell netware', 'pocket pc', 'progress software', 'proposal writing', 'retail marketing', 'scheduling', 'shipping and receiving', 'unix', 'voice over ip (voip)', 'windows 95'"
quality assurance engineering manager,quality assurance engineering manager_0,role,"'application analysis', 'application support', 'solution architecture', 'back-end development', 'black box testing', 'business intelligence (bi)', 'case management', 'contract management', 'data acquisition', 'data collection', 'data integrity', 'data warehousing', 'database systems', 'ibm db2', 'dbase', 'data encryption', 'file management', 'systems integration', 'integration testing', 'systems integrator', 'issues management', 'product development', 'oracle database', 'qa testing', 'regression testing', 'retail operations', 'storage area network (san)', 'information security', 'sql', 'structured programming', 'system integration', 'technical support', 'test case development', 'test planning', 'usability testing', 'visual testing', 'white box testing'"
quality assurance engineering manager,quality assurance engineering manager_1,role,"'file transfer protocol (ftp)', 'ipx protocol', 'local area network (lan)', 'netbeui protocol', 'computer networking', 'transmission control protocol (tcp)', 'tcp/ip networking', 'wireless application protocol (wap)', 'wireless networking'"
quality assurance manager,quality assurance manager_-1,role,"'cost reduction', 'quality inspection', 'intel processors', 'sun microsystems', 'scheduling', 'data validation', 'linux administration', 'functional testing', 'quest software', 'sound card configuration', 'ceridian hris', 'printer support', 'cisco'"
quality assurance manager,quality assurance manager_3,role,"'policy development', 'business process improvement'"
quality assurance manager,quality assurance manager_1,role,"'operating systems', 'mac os', 'device drivers', 'usb technology', 'windows vista'"
quality assurance manager,quality assurance manager_0,role,"'java programming', 'objective-c programming', 'c# programming'"
quality assurance manager,quality assurance manager_2,role,"'product development', 'multimedia production', 'audio engineering'"
quality assurance technician,quality assurance technician_-1,role,"'client-server architecture', 'decisiveness', 'desktop support', 'time management', 'functional testing', 'laptop repair', 'data migration', 'printer management', 'network interface cards (nics)', 'operations analysis', 'product improvement', 'solidworks', 'progress software', 'purchasing', 'raid configuration', 'root cause analysis', 'server administration', 'usability testing', 'data validation', 'windows vista'"
quality assurance technician,quality assurance technician_0,role,"'computer networking', 'computer sales', 'hp hardware', 'hp netservers', 'operating systems'"
quality assurance technician,quality assurance technician_1,role,"'technical specifications', 'technical planning', 'technical support'"
quality engineer,quality engineer_-1,role,"'new product development', 'data warehousing', 'ios development', 'microsoft visio', 'autodesk inventor', 'android development', 'devops', 'root cause analysis', 'mentoring', 'statistical process control (spc)', 'lean manufacturing', 'statistics', 'continuous improvement'"
quality engineering analyst,quality engineering analyst_0,role,"'business development', 'configuration management', 'contract management', 'delivery management', 'direct sales', 'marketing materials', 'business process improvement'"
quality engineering analyst,quality engineering analyst_-1,role,"'environmental health and safety (ehs)', 'instructor', 'network installation', 'radar systems'"
quality engineering analyst,quality engineering analyst_1,role,"'information security', 'insurance', 'computer networking'"
quality manager,quality manager_-1,role,"'npi/jdm/odm', 'contract negotiation', 'pricing', 'account management', 'computer programming', 'key account management', 'profit and loss (p&l) management', 'business development', 'team building'"
receptionist,receptionist_-1,role,"'electrical systems', 'physical stamina', 'determination', 'window installation', 'osha regulations', 'engineering standards', 'logo design', 'attention to detail', 'critical thinking', 'reading comprehension', 'artistic skills', 'dependability', 'tcp/ip networking', 'database servers', 'sales skills', 'manual dexterity', 'issue resolution', 'information security', 'forklift operation', 'account balancing', 'it support'"
receptionist,receptionist_0,role,"'procedure development', 'business process improvement'"
receptionist,receptionist_2,role,"'works software', 'java programming', 'pick programming language'"
receptionist,receptionist_1,role,"'anatomy knowledge', 'quick learner', 'fast learner'"
receptionist,receptionist_3,role,"'time management', 'meeting management', 'lan administration', 'teamwork'"
receptionist and barista,receptionist and barista_0,role,"'teamwork', 'artistic skills', 'meeting management', 'time management'"
receptionist and barista,receptionist and barista_-1,role,"'attention to detail', 'account balancing', 'critical thinking', 'dependability', 'determination', 'electrical systems', 'forklift operation', 'issue resolution', 'java programming', 'logo design', 'next.js', 'sales skills', 'business process improvement', 'manual dexterity', 'window installation'"
receptionist and barista,receptionist and barista_1,role,"'fast learner', 'pick programming language', 'quick learner', 'reading comprehension'"
region coordinator,region coordinator_-1,role,"'administrative skills', 'learning management systems (lms)', 'professionalism', 'crm software', 'technical support'"
regional account manager,regional account manager_-1,role,"'account management', 'profit and loss (p&l) management', 'team building', 'npi/jdm/odm', 'contract negotiation', 'mathematics', 'pricing', 'algebra', 'software as a service (saas)', 'key account management', 'business development'"
regional engineering manager,regional engineering manager_-1,role,"'engineering resource management', 'technical program management', 'commissioning'"
regional manager,regional manager_-1,role,"'request for proposal (rfp)', 'mentoring', 'physics', 'relationship management', 'contract administration', 'computer programming', 'billing', 'government regulations', 'invoicing', 'microsoft access', 'bookkeeping', 'delivery management', 'technical authoring', 'policy development', 'sales management', 'directing', 'staffing'"
regional publishing consultant,regional publishing consultant_-1,role,"'business development', 'sales management'"
regional sales manager,regional sales manager_-1,role,"'conflict resolution', 'account management', 'relationship management', 'territory management', 'decision-making', 'product and service sales', 'market research'"
reliability engineering analysis on automotive oil pump,reliability engineering analysis on automotive oil pump_-1,role,"'advanced manufacturing techniques', 'material selection', 'engineering analysis', 'cae software', 'design for manufacturing (dfm)', 'bill of materials (bom) management', 'sculpting', 'sheet metal fabrication'"
relocation consultant,relocation consultant_-1,role,"'billing', 'bookkeeping', 'contract administration', 'delivery management', 'directing', 'government regulations', 'invoicing', 'mentoring', 'policy development', 'relationship management', 'request for proposal (rfp)', 'sales management', 'staffing'"
repair technician,repair technician_-1,role,"'quality inspection', 'lean manufacturing', 'mechanical processes', 'protocol execution', 'supervisory skills', 'system integration'"
research analyst,research analyst_-1,role,"'artificial intelligence', 'computer programming', 'mathematics', 'requirements gathering', 'dataset management', 'predictive modeling', 'sql', 'statistics'"
research and development associate,research and development associate_-1,role,"'cpr/first aid certified', 'direction', 'first aid', 'intel processors', 'natural language processing', 'physics', 'microsoft powerpoint', 'pspice', 'public speaking', 'verilog hdl', 'vi text editor', 'windows 2000'"
research and development associate,research and development associate_0,role,"'data acquisition', 'digital design', 'electronics', 'fashion design', 'oscilloscope operation', 'sql', 'statistics', 'supervisory control and data acquisition (scada)', 'systems design'"
research and development associate,research and development associate_1,role,"'labview', 'matlab', 'vhdl'"
research assistant,research assistant_-1,role,"'basic computer skills', 'calibration', 'cleaning in place (cip)', 'computer numerical control (cnc)', 'cpr/first aid certified', 'direction', 'electronics', 'first aid', 'flask (python framework)', 'injection molding', 'intel processors', 'angularjs', 'jax', 'key aspect analysis', 'kubernetes', 'labview', 'laser technology', 'latex', 'linux administration', 'mac os x', 'manufacturing', 'manufacturing yield improvement', 'minitab', 'natural language processing', 'oscilloscope operation', 'physics', 'creo parametric', 'pspice', 'pytorch', 'requirements gathering', 'graphql', 'root cause analysis', 'document scanning', 'scikit-learn', 'public speaking', 'trackwise', 'unity (game engine)', 'verilog hdl', 'vhdl', 'vi text editor', 'weka', 'windows 2000'"
research assistant,research assistant_0,role,"'data acquisition', 'data processing', 'data reporting', 'high-performance computing (hpc)', 'sql', 'statgraphics', 'statistics', 'supervisory control and data acquisition (scada)'"
research assistant,research assistant_2,role,"'digital design', 'microsoft edge', 'fashion design', 'microsoft project', 'microsoft visio', 'microsoft powerpoint', 'solution engineering', 'systems design'"
research assistant,research assistant_1,role,"'haskell programming', 'java programming', 'julia programming', 'matlab', 'matplotlib', 'pandas (python library)', 'r programming'"
"research assistant, dreu program","research assistant, dreu program_-1",role,"'julia programming', 'latex', 'linux administration', 'mac os x', 'matlab', 'r programming', 'weka'"
research engineer,research engineer_-1,role,"'calibration', 'microsoft visio', 'trackwise', 'manufacturing', 'manufacturing yield improvement', 'minitab', 'microsoft project', 'creo parametric', 'computer numerical control (cnc)', 'statgraphics', 'injection molding'"
research fellow,research fellow_-1,role,"'data science', 'data visualization', 'data warehousing', 'java programming', 'linear regression', 'mongodb'"
research intern,research intern_-1,role,"'haskell programming', 'high-performance computing (hpc)', 'java programming', 'jax', 'julia programming', 'latex', 'linux administration', 'mac os x', 'matlab', 'matplotlib', 'pandas (python library)', 'pytorch', 'r programming', 'scikit-learn', 'unity (game engine)', 'weka'"
research scientist,research scientist_-1,role,"'matplotlib', 'high-performance computing (hpc)', 'pandas (python library)', 'haskell programming', 'scikit-learn', 'linux administration', 'microsoft access', 'unity (game engine)', 'jax', 'pytorch'"
researcher,researcher_-1,role,"'military experience', 'ansys', 'decision-making', 'microsoft edge', 'instructor', 'nastran', 'operating systems', 'msc patran', 'research and development (r&d)', 'document scanning', 'statistical process control (spc)'"
researcher,researcher_0,role,"'methodology', 'camera operation', 'feature engineering', 'laser technology', 'machining', 'mechanical design', 'physics', 'predictive modeling', 'robotics', 'solidworks'"
researcher,researcher_1,role,"'fortran programming', 'matlab'"
resident advisor,resident advisor_-1,role,"'adobe photoshop', 'artificial intelligence', 'cyber ethics', 'differential equations', 'discrete mathematics', 'dropbox', 'google calendar', 'google drive', 'iwork', 'linux administration', 'mozilla thunderbird', 'mac os x', 'sublime text', 'textwrangler', 'unity (game engine)', 'unix terminal'"
resident advisor,resident advisor_1,role,"'android development', 'c# programming', 'ios development', 'java programming', 'swift programming', 'xamarin'"
resident advisor,resident advisor_0,role,"'computer graphics', 'microsoft visual studio'"
resident liaison,resident liaison_0,role,"'insurance', 'internal medicine', 'orthopedics'"
resident liaison,resident liaison_1,role,"'meeting management', 'mentoring', 'computer networking', 'organization skills', 'seminar management'"
resident liaison,resident liaison_-1,role,'outside sales'
resource advisor,resource advisor_-1,role,"'accounts payable', 'financial systems analysis', 'critical thinking', 'financial reporting', 'program management'"
restaurant operations manager,restaurant operations manager_-1,role,"'intuit proseries', 'microsoft access', 'microsoft powerpoint', 'microsoft word', 'quickbooks', 'sage accounting software'"
revenue cycle analyst,revenue cycle analyst_-1,role,"'online advertising', 'balance sheet preparation', 'benefits administration', 'business intelligence (bi)', 'bookkeeping', 'community health', 'contract management', 'certified public accountant (cpa)', 'credit analysis', 'finance', 'financial statement preparation', 'fund management', 'general ledger accounting', 'hospice care', 'hyperion systems', 'insurance', 'software proficiency', 'payroll processing', 'procurement', 'proposal writing', 'quickbooks', 'report generation', 'revenue recognition', 'sage accounting software', 'tax preparation', 'tax law', 'trial balance'"
route sales associate,route sales associate_-1,role,"'business development', 'business-to-business (b2b)', 'business-to-customer (b2c)', 'contract negotiation', 'profit and loss (p&l) management'"
rubber chemical division,rubber chemical division_-1,role,"'analysis of variance (anova)', 'dcs', 'fmea', 'gage repeatability and reproducibility (gage r&r)', 'kaizen methodology', 'minitab', 'statistical process control (spc)', 'value stream mapping'"
rubber chemical division,rubber chemical division_0,role,"'dmaic methodology', 'root cause analysis'"
rubber chemical division,rubber chemical division_1,role,"'lean manufacturing', 'pro/engineer', 'process capability analysis'"
sales account manager,sales account manager_-1,role,"'focus erp', 'form design', 'utilities management', 'email communication', 'newsletter creation', 'data migration', 'energy efficiency', 'android development', 'closing procedures', 'sales techniques', 'contract management', 'insurance', 'proposal writing', 'computer networking', 'functional testing', 'business development'"
sales and marketing manager,sales and marketing manager_-1,role,"'public relations (pr)', 'scheduling', 'quicken', 'finance', 'shipping and receiving', 'energy management', 'community outreach', 'aviation', 'relationship management', 'fundraising', 'storage area network (san)', 'simultaneous interpretation', 'computer networking', 'mathematics', 'key account management', 'mac os', 'business development', 'data stewardship', 'order processing', 'cost control'"
sales and marketing manager,sales and marketing manager_0,role,"'sales forecasting', 'sales growth', 'sales expertise', 'sales management', 'sales planning', 'sales objectives', 'sales implementation', 'brand management'"
sales and marketing manager,sales and marketing manager_1,role,"'direct marketing', 'advertising', 'promotional marketing'"
sales assistant,sales assistant_-1,role,"'public relations (pr)', 'visual basic', 'team building', 'linux administration', 'php programming', 'cascading style sheets (css)', 'java programming', 'microsoft access', 'sql', 'app development', 'user-centered design'"
sales associate,sales associate_0,role,"'meeting management', 'feature engineering', 'record keeping', 'business process improvement', 'office equipment operation', 'retail operations', 'software as a service (saas)', 'microsoft word', 'telephone skills', 'benefits administration', 'receptionist duties', 'data entry', 'data warehousing', 'document scanning', 'email communication', 'policy development', 'clerical skills'"
sales associate,sales associate_1,role,"'mathematics', 'algebra', 'geometry', 'physics'"
sales associate,sales associate_-1,role,"'direct mail marketing', 'form design', 'geographic information systems (gis)'"
sales consultant,sales consultant_-1,role,"'cold calling', 'account management', 'report generation', 'computer literacy', 'pascal programming', 'multitasking', 'business development', 'customer needs assessment', 'software as a service (saas)', 'certified nursing assistant (cna)', 'lead generation'"
sales director,sales director_-1,role,"'sales management', 'market research', 'software as a service (saas)'"
sales representative,sales representative_0,role,"'team building', 'agency management', 'sales techniques', 'insurance', 'business intelligence (bi)', 'software as a service (saas)', 'sales management', 'business processes', 'business development', 'delivery management', 'policy development', 'leadership experience'"
sales representative,sales representative_1,role,"'pascal programming', 'mathematics', 'algebra', 'geometry'"
sales representative,sales representative_-1,role,"'first aid', 'account balancing', 'roofing', 'root cause analysis', 'sensor technology', 'microsoft access'"
sde,sde_0,role,"'application programming', 'data science', 'firebase', 'java programming', 'linux administration', 'mongodb', 'nosql databases', 'server administration', 'sql', 'system analysis', 'technical architecture', 'unix'"
sde,sde_-1,role,"'flutter framework', 'logistic regression', 'natural language processing (nlp)', 'requirements gathering', 'seaborn', 'tableau'"
sde,sde_1,role,"'matplotlib', 'numpy', 'pandas (python library)', 'tensorflow'"
sde and business analyst trainee,sde and business analyst trainee_-1,role,"'data cleansing', 'numpy'"
sde for software caging,sde for software caging_-1,role,"'data visualization', 'identity and access management (iam)', 'java programming', 'mongodb', 'risk assessment'"
sde intern,sde intern_-1,role,"'artificial neural networks (ann)', 'artificial intelligence', 'convolutional neural networks (cnn)', 'data science', 'keras', 'linear regression', 'logistic regression', 'natural language processing (nlp)', 'open source software', 'recurrent neural network (rnn)', 'sql'"
sdi site operations manager,sdi site operations manager_3,role,"'analytical skills', 'calculator skills'"
sdi site operations manager,sdi site operations manager_1,role,"'apple products', 'apple lion', 'apple numbers', 'apple pages'"
sdi site operations manager,sdi site operations manager_4,role,"'.net', 'microsoft access', 'microsoft project', 'microsoft visio', 'powersteering software', 'software training', 'vb.net', 'microsoft visual studio'"
sdi site operations manager,sdi site operations manager_-1,role,"'business objects', 'coaching', 'complex problem solving', 'cascading style sheets (css)', 'dmaic methodology', 'graphical user interface (gui) design', 'java programming', 'keynote', 'lean manufacturing', 'process flow diagram (pfd)', 'purchasing', 'reliability-centered maintenance (rcm)', 're-engineering', 'judgment', 'supervision', 'tango', 'user support', 'water treatment'"
sdi site operations manager,sdi site operations manager_2,role,"'change management', 'continuous improvement', 'facilities management', 'policy development', 'business process improvement'"
sdi site operations manager,sdi site operations manager_0,role,"'financial reporting', 'record keeping', 'report generation'"
seasonal tax advisor,seasonal tax advisor_0,role,"'accounts payable/receivable', 'full accounting cycle', 'general ledger accounting'"
seasonal tax advisor,seasonal tax advisor_1,role,"'cdi', 'microsoft powerpoint', 'microsoft word', 'pclaw', 'sage peachtree', 'pico framework', 'pr software'"
secretary/bookkeeper,secretary/bookkeeper_-1,role,"'accounts receivable', 'as/400', 'clerical skills', 'certified public accountant (cpa)', 'general ledger', 'invoicing', 'journal entries', 'sage peachtree', 'microsoft powerpoint', 'progress software', 'quickbooks', 'reconciliation', 'secretarial support', 'tax preparation', 'timberline software'"
secretary/bookkeeper,secretary/bookkeeper_0,role,"'automated payroll processing', 'job costing', 'payroll processing', 'scheduling'"
secretary/bookkeeper,secretary/bookkeeper_1,role,"'balance sheet preparation', 'balance sheets', 'bookkeeping', 'cash handling', 'general ledger accounting'"
secretary/bookkeeper,secretary/bookkeeper_2,role,"'contract management', 'office administration', 'office management', 'restaurant management'"
security officer,security officer_-1,role,"'accounts payable', 'agency management', 'clerical skills', 'closing procedures', 'conference management', 'contract management', 'copying', 'email communication', 'faxing', 'finance', 'financial reporting', 'form design', 'marketing materials', 'meeting management', 'organization skills', 'presentation skills', 'quick learner', 'document scanning', 'database tables', 'telephone skills', 'transportation logistics', 'microsoft word'"
self sustaining engineering technician,self sustaining engineering technician_-1,role,"'modem configuration', 'business process improvement', 'scheduling', 'technical support'"
service manager,service manager_-1,role,"'travel arrangements', 'conflict management', 'multitasking', 'critical thinking', 'active learning', 'results-oriented', 'public speaking', 'email communication', 'sensor technology', 'data collection', 'algebra', 'data entry', 'business correspondence', 'internet research'"
shift manager,shift manager_-1,role,"'business-to-customer (b2c)', 'team building', 'business-to-business (b2b)', 'profit and loss (p&l) management', 'business development', 'algebra', 'contract negotiation'"
skill trainer,skill trainer_-1,role,"'business development', 'business-to-business (b2b)', 'business-to-customer (b2c)', 'contract negotiation', 'profit and loss (p&l) management'"
sky cap,sky cap_-1,role,"'adaptability', 'building commissioning', 'drilling engineering', 'leadership development'"
software certification analyst,software certification analyst_-1,role,"'stakeholder management', 'emv systems', 'operating systems', 'payment terminal management', 'point of sale (pos) systems', 'talent management systems'"
software developer,software developer_0,role,"'data migration', 'operating systems', 'computer programming', 'php programming', 'linux programming', 'java programming', '.net', 'c# programming', 'windows programming', 'database programming', 'accounting software', 'github', 'ruby programming', 'data warehousing', 'devops', 'postgresql', 'sql', 'nosql databases', 'database administration'"
software developer,software developer_-1,role,"'team building', 'jenkins ci', 'algebra', 'docker', 'firewall administration', 'software as a service (saas)', 'artificial intelligence', 'negotiation', 'business processes', 'cascading style sheets (css)', 'natural language processing (nlp)', 'monitoring and evaluation (m&e)', 'ip addressing', 'apache tornado', 'microsoft visio', 'jira', 'matlab'"
software developer,software developer_1,role,"'network installation', 'hardware installation', 'network troubleshooting', 'network design', 'cabling installation'"
software developer (machine learning engineer),software developer (machine learning engineer)_-1,role,"'cascading style sheets (css)', 'docker', 'requirements gathering', 'risk assessment'"
software developer (machine learning),software developer (machine learning)_-1,role,"'azure databricks', 'natural language processing (nlp)', 'pyspark', 'sql'"
software developer (ml),software developer (ml)_-1,role,"'heroku cloud platform', 'natural language processing (nlp)', 'oracledb', 'sql', 'tableau'"
software developer analyst,software developer analyst_0,role,'business growth strategies'
software developer and analyst trainee,software developer and analyst trainee_-1,role,"'keras', 'object-oriented programming (oop)', 'scikit-learn'"
software developer intern,software developer intern_-1,role,"'azure databricks', 'linux administration', 'power bi'"
software developer intern,software developer intern_1,role,"'data manipulation', 'natural language processing (nlp)', 'r programming', 'sql'"
software developer intern,software developer intern_0,role,"'pyspark', 'scala programming'"
software developer ml,software developer ml_-1,role,"'flask (python framework)', 'apache kafka', 'keras', 'php programming', 'pyspark', 'pytorch', 'tensorflow'"
software development and deployment engineer,software development and deployment engineer_-1,role,"'computer vision', 'opencv', 'ruby programming'"
software development intern,software development intern_-1,role,"'data science', 'jupyter notebook', 'linear regression', 'opencv'"
software engineer,software engineer_0,role,"'data migration', 'team building', 'android development', 'bridge engineering', 'affirmative action compliance', 'computer programming', 'system and organization controls (soc)', 'product owner', 'content creation', 'php programming', 'vb.net', 'matplotlib', 'h.264 video compression', 'data transformation services (dts)', 'windows explorer', 'recruiting', 'workflow management', 'atl marketing', 'algebra', 'perl programming', 'numpy', 'data access', 'visual c++', 'pandas (python library)', 'haskell programming', 'component object model (com)', 'audio engineering', 'intellectual property (ip)', 'window installation', 'ios development', 'broadcast engineering', 'mediation', 'embedded linux', 'linux administration', 'ibm db2', 'geometry', 'local area network (lan)', 'scikit-learn', 'http live streaming (hls)', 'employee relations', 'data storage', 'gnu octave', 'methodology', '.net', 'high-performance computing (hpc)', 'team management', 'intrusion detection systems (ids)', 'software as a service (saas)', 'lead generation', 'graphical user interface (gui) design', 'scala programming', 'solution architecture', 'network attached storage (nas)', 'c# programming', 'physics', 'xml', 'sql server integration services (ssis)', 'innovation management', 'unity (game engine)', 'content protection', 'software development life cycle (sdlc)', 'control systems', 'command line interface (cli)', 'mentoring', 'project planning', 'mpeg video compression', 'personnel records management', 'jax', 'onboarding', 'memory management', 'operating systems', 'mp4 video format', 'technical specifications', 'server administration', 'web page design', 'chemistry', 'objective-c programming', 'vendor management', 'product development', 'soap', 'iis 6.0', 'data warehousing', 'microcontroller programming', 'spring boot', 'devops', 'postgresql', 'conceptual design', 'file transfer protocol (ftp)', 'threading', 'java programming', 'storage area network (san)', 'sql server reporting services (ssrs)', 'compensation administration', 'megabytes (mb)', 'microsoft access', 'data backup', 'object-oriented programming (oop)', 'digital video broadcasting (dvb)', 'matlab', 'sql', 'simple network management protocol (snmp)', 'iis 5.0', 'nosql databases', 'proxy servers', 'pytorch'"
software engineer,software engineer_-1,role,"'performance reviews', 'jenkins ci', 'kanban', 'california regulations', 'tr-069', 'json', 'root cause analysis', 'cascading style sheets (css)', 'java virtual machine (jvm)', 'functional testing', 'linux containers (lxc)', 'angularjs'"
software engineer,software engineer_1,role,"'jquery', 'dynamic html5'"
software engineer   machine learning,software engineer   machine learning_-1,role,"'computer vision', 'java programming', 'numpy'"
software engineer intern,software engineer intern_0,role,"'matplotlib', 'pandas (python library)', 'scikit-learn', 'pytorch'"
software engineer intern,software engineer intern_-1,role,"'high-performance computing (hpc)', 'cascading style sheets (css)', 'nosql databases', 'linux administration', 'portuguese language', 'jax', 'team building'"
software engineer intern,software engineer intern_1,role,"'haskell programming', 'java programming', 'unity (game engine)', 'computer programming', 'c# programming', 'sql', 'perl programming'"
software engineering analyst,software engineering analyst_0,role,"'business processes', 'event management'"
software engineering analyst,software engineering analyst_2,role,"'chemistry', 'mathematics', 'physics', 'simulation'"
software engineering analyst,software engineering analyst_3,role,"'software developer', 'computer programming', 'progress software', 'r programming'"
software engineering analyst,software engineering analyst_-1,role,"'functional testing', 'oil industry', 'sql', 'streak crm', 'tableau', 'trello'"
software engineering analyst,software engineering analyst_1,role,"'hp hardware', 'hp alm quality center', 'hp quicktest professional (qtp)'"
software engineering intern,software engineering intern_0,role,'java programming'
software engineering manager,software engineering manager_-1,role,"'mentoring', 'intellectual property (ip)', 'window installation', 'dynamic html5', 'performance reviews', 'mediation', 'california regulations', 'xml', 'innovation management', 'affirmative action compliance', 'devops', 'command line interface (cli)', 'jenkins ci', 'content creation', 'json', 'file transfer protocol (ftp)', 'threading', 'cascading style sheets (css)', 'windows explorer', 'megabytes (mb)', 'atl marketing', 'onboarding', 'component object model (com)', 'memory management', 'intrusion detection systems (ids)', 'functional testing', 'proxy servers', 'apache spark'"
software engineering manager,software engineering manager_2,role,"'web page design', 'conceptual design', 'methodology', 'graphical user interface (gui) design'"
software engineering manager,software engineering manager_1,role,"'audio engineering', 'broadcast engineering', 'bridge engineering', 'technical specifications'"
software engineering manager,software engineering manager_0,role,"'network attached storage (nas)', 'data migration', 'local area network (lan)', 'storage area network (san)', 'data backup', 'sql', 'data access', 'nosql databases'"
software engineering manager,software engineering manager_4,role,"'c# programming', 'java programming', 'visual c++', '.net', 'object-oriented programming (oop)'"
software engineering manager,software engineering manager_3,role,"'recruiting', 'team building', 'employee relations', 'compensation administration', 'workflow management', 'personnel records management', 'team management', 'server administration'"
software engineering team lead,software engineering team lead_-1,role,"'mcse certification', 'data access', 'computer networking', 'itil', 'email communication', '.net', 'active directory', 'bridge engineering', 'desktop support', 'microsoft technologies', 'software as a service (saas)', 'service level agreements (sla)', 'microsoft access', 'medical imaging', 'dynamic host configuration protocol (dhcp)', 'window installation', 'data migration', 'router configuration', 'messaging systems', 'server administration', 'technical support', 'c# programming', 'team building', 'sql'"
software implementation team member,software implementation team member_0,role,"'cabling installation', 'hardware installation', 'network installation', 'network design', 'operating systems', 'network troubleshooting'"
software implementation team member,software implementation team member_1,role,"'database administration', 'database programming', 'linux programming', 'java programming'"
software implementation team member,software implementation team member_-1,role,"'firewall administration', 'ip addressing', 'monitoring and evaluation (m&e)', 'negotiation'"
software quality assurance,software quality assurance_-1,role,"'adt security systems', 'basis accounting', 'billing', 'client-server architecture', 'collections', 'dbase iv', 'design review', 'dispatching', 'dos', 'graphical user interface (gui) design', 'ieee standards', 'quality inspection', 'invoicing', 'java programming', 'linux administration', 'lotus notes', 'microsoft access', 'visual basic', 'novell netware', 'pocket pc', 'progress software', 'proposal writing', 'retail marketing', 'scheduling', 'shipping and receiving', 'unix', 'voice over ip (voip)', 'windows 95'"
software quality assurance,software quality assurance_0,role,"'application analysis', 'application support', 'solution architecture', 'back-end development', 'black box testing', 'business intelligence (bi)', 'case management', 'contract management', 'data acquisition', 'data collection', 'data integrity', 'data warehousing', 'database systems', 'ibm db2', 'dbase', 'data encryption', 'file management', 'systems integration', 'integration testing', 'systems integrator', 'issues management', 'product development', 'oracle database', 'qa testing', 'regression testing', 'retail operations', 'storage area network (san)', 'information security', 'sql', 'structured programming', 'system integration', 'technical support', 'test case development', 'test planning', 'usability testing', 'visual testing', 'white box testing'"
software quality assurance,software quality assurance_1,role,"'file transfer protocol (ftp)', 'ipx protocol', 'local area network (lan)', 'netbeui protocol', 'computer networking', 'transmission control protocol (tcp)', 'tcp/ip networking', 'wireless application protocol (wap)', 'wireless networking'"
solutions analyst,solutions analyst_-1,role,"'salesforce lead management', 'account management', 'brand development', 'multitasking'"
special clerk,special clerk_-1,role,"'assistance', 'ccp', 'interior decorating', 'icgs/idds systems', 'lfacs system', 'lotus sametime', 'microstation', 'event planning', 'office switchboard operation', 'plat indexes', 'requestnet', 'ringbuilder software', 'network switching', 'tirks system', 'traffic control systems', 'event management', 'microsoft word', 'workforce management systems', 'wsam image'"
"specialist, user applications","specialist, user applications_-1",role,"'administrative skills', 'learning management systems (lms)', 'professionalism', 'crm software', 'technical support'"
sponsorship & exhibition account executive,sponsorship & exhibition account executive_-1,role,"'business development', 'certified nursing assistant (cna)', 'cold calling', 'multitasking'"
sponsorship & exhibition account executive,sponsorship & exhibition account executive_0,role,"'computer literacy', 'customer needs assessment'"
sponsorship & exhibition account executive,sponsorship & exhibition account executive_1,role,"'lead generation', 'report generation'"
staff accountant,staff accountant_0,role,"'scheduling', 'year-end processing', 'month-end close'"
staff accountant,staff accountant_-1,role,"'grant writing', 'designer 2000', 'microsoft powerpoint', 'team building', 'closing procedures', 'quickbooks', 'government regulations', 'insurance', 'algebra', 'training materials', 'real estate', 'reading comprehension', 'business objects', 'business process improvement', 'image freeway', 'kronos workforce management', 'lotus notes', 'abila mip fund accounting', 'email communication', 'sage peachtree', 'macros', 'record keeping', 'data visualization', 'software as a service (saas)', 'progress software', 'munis', 'negotiation', 'critical thinking', 'results-oriented', 'ultratax cs', 'benefits administration', 'accounts receivable', 'job costing', 'american institute of architects (aia)', 'accruals', 'advertising', 'general ledger', 'coding', 'form design', 'full product lifecycle management', 'online advertising', 'timberline software', 'netscape messenger', 'lx systems', 'as/400', 'valuation', 'jd edwards enterpriseone', 'system monitoring', 'sarbanes-oxley (sox) compliance', 'invoicing', 'technical support', 'os/2', 'bookkeeping', 'anytime scheduler', 'proposal writing', 'office equipment operation', 'policy development'"
staff accountant,staff accountant_3,role,"'finance', 'financial statement preparation', 'balance sheet preparation', 'credit analysis', 'financial research', 'general ledger accounting', 'financial controller', 'sage mas 90', 'cash flow projections', 'data access', 'financial systems analysis', 'corporate finance', 'accounting software', 'tax preparation', 'microsoft accounting', 'sage accounting software', 'account balancing', 'tax accounting', 'balance sheets', 'daily cash receipts', 'sage fixed assets', 'financial reporting', 'microsoft word', 'fixed asset accounting', 'report generation', 'data entry', 'annual reports', 'frx financial reporting', 'research support', 'debit accounting', 'microsoft access', 'data collection', 'tax law'"
staff accountant,staff accountant_4,role,"'meeting management', 'computer programming', 'contract management', 'software developer', 'utilities management', 'prime contract management', 'program management', 'delivery management'"
staff accountant,staff accountant_5,role,"'acquisitions', 'billing', 'accounts payable', 'purchasing', 'procurement'"
staff accountant,staff accountant_1,role,"'oracle database', 'database administrator (dba)', 'presentation skills', 'database tables', 'analytical skills', 'telephone skills', 'administrative skills', 'sql'"
staff accountant,staff accountant_2,role,"'system integration', 'operating systems'"
staff accountant finance manager,staff accountant finance manager_-1,role,"'data access', 'accounts receivable', 'arabic language', 'balance sheet preparation', 'billing', 'bookkeeping', 'closing procedures', 'general ledger', 'system monitoring', 'microsoft word', 'microsoft powerpoint', 'business process improvement', 'profitability analysis', 'profit and loss (p&l) analysis', 'quickbooks', 'report generation', 'supervision', 'swedish language', 'tax preparation'"
staff accountant finance manager,staff accountant finance manager_0,role,"'accounting software', 'general ledger accounting', 'public accounting'"
staff accountant finance manager,staff accountant finance manager_1,role,"'financial controller', 'equity trading', 'finance', 'investment management', 'financial statement preparation'"
staff accountant/ lease administrator,staff accountant/ lease administrator_0,role,"'accounts payable', 'accruals', 'account balancing', 'balance sheet preparation', 'balance sheets', 'benefits administration', 'billing', 'credit analysis', 'expense reporting', 'finance', 'financial reporting', 'general ledger accounting', 'insurance', 'business correspondence', 'profit and loss (p&l) analysis', 'real estate', 'report generation', 'tax preparation', 'treasury management'"
staff accountant/ lease administrator,staff accountant/ lease administrator_-1,role,"'cobol programming', 'dialysis', 'month-end close', 'microsoft powerpoint', 'primary care', 'business process improvement', 'settlements', 'tax law'"
staff accountant/ lease administrator,staff accountant/ lease administrator_1,role,"'computer programming', 'microsoft word'"
staff auditor,staff auditor_0,role,"'accounts payable', 'billing'"
staff auditor,staff auditor_-1,role,"'accounts receivable', 'administrative skills', 'analytical skills', 'closing procedures', 'record keeping', 'month-end close', 'policy development', 'tax law'"
staff auditor,staff auditor_1,role,"'annual reports', 'finance', 'financial reporting', 'financial statement preparation', 'report generation', 'tax preparation'"
staffing manager,staffing manager_0,role,"'accounts payable', 'billing'"
staffing manager,staffing manager_-1,role,"'accounts receivable', 'adjustments', 'administrative management', 'annuities', 'balance sheet preparation', 'cash handling', 'clerical skills', 'closing procedures', 'certified public accountant (cpa)', 'credit analysis', 'crime scene investigation (csi)', 'direct sales', 'food safety', 'government contracts', 'life insurance', 'merchandising', 'sales reporting', 'computer networking', 'procedure writing', 'public relations (pr)', 'receptionist duties', 'reconciliation', 'shipping and receiving', 'software training', 'team building', 'telephone skills'"
staffing manager,staffing manager_3,role,"'automated payroll processing', 'order processing', 'payroll processing'"
staffing manager,staffing manager_1,role,"'bookkeeping', 'general ledger accounting'"
staffing manager,staffing manager_2,role,"'contract management', 'staffing'"
statistical analyst,statistical analyst_-1,role,"'natural language processing (nlp)', 'numerical analysis', 'regression analysis'"
stock clerk,stock clerk_-1,role,"'intuit proseries', 'microsoft access', 'microsoft powerpoint', 'microsoft word', 'quickbooks', 'sage accounting software'"
store manager,store manager_0,role,"'computer programming', 'data warehousing', 'pr software', 'crm software'"
store manager,store manager_-1,role,"'business acumen', 'accounts receivable', 'it support', 'desktop publishing', 'conflict management', 'negotiation', 'focus erp', 'numerical analysis', 'microsoft access'"
store manager,store manager_1,role,"'mathematics', 'algebra', 'geometry', 'physics'"
strategy analyst,strategy analyst_-1,role,"'statistics', 'software as a service (saas)', 'visual basic for applications (vba)', 'capital markets', 'investment research', 'matlab'"
student accounts representative/bookkeeper,student accounts representative/bookkeeper_0,role,"'accounts payable', 'accounts receivable', 'billing', 'cash handling', 'contract management', 'credit analysis', 'finance', 'general ledger accounting', 'policy development', 'pricing strategy', 'purchasing', 'receiving'"
student accounts representative/bookkeeper,student accounts representative/bookkeeper_-1,role,"'closing procedures', 'grant writing', 'novell groupwise', 'mentoring', 'merchandising', 'public speaking', 'reconciliation', 'time management'"
student accounts representative/bookkeeper,student accounts representative/bookkeeper_1,role,"'form design', 'instructional design', 'packaging design'"
student ambassador,student ambassador_-1,role,"'app development', 'cascading style sheets (css)', 'java programming', 'linux administration', 'php programming', 'sql', 'user-centered design', 'visual basic'"
student loan consultant,student loan consultant_-1,role,"'business development', 'business-to-business (b2b)', 'business-to-customer (b2c)', 'contract negotiation', 'profit and loss (p&l) management'"
student research assistant,student research assistant_-1,role,"'data science', 'data visualization', 'decision trees'"
student web developer,student web developer_-1,role,"'adobe dreamweaver', 'adobe photoshop', 'java programming', 'linux administration', 'mac os', 'matlab', 'perl programming', 'php programming', 'scheme programming', 'self-motivation'"
subcontract accountant,subcontract accountant_0,role,"'administrative skills', 'agency management', 'data backup', 'bookkeeping', 'business administration', 'contract management', 'finance', 'general ledger accounting', 'international business', 'procurement', 'purchasing', 'receiving', 'record keeping', 'transportation logistics'"
subcontract accountant,subcontract accountant_-1,role,"'military experience', 'direct current (dc)', 'ims database'"
subcontract accountant,subcontract accountant_1,role,"'home office setup', 'microsoft powerpoint', 'microsoft word'"
submariner,submariner_-1,role,"'computer literacy', 'database software', 'quality inspection', 'laundry operation', 'naval operations', 'national electrical code (nec)', 'radiography', 'real estate'"
submariner,submariner_0,role,"'contract management', 'cost reduction', 'central processing units (cpus)', 'electrical systems', 'energy management', 'facilities management', 'hvac systems', 'meeting management', 'business process improvement', 'procurement', 'supervision', 'technical support'"
submariner,submariner_1,role,"'plumbing', 'welding'"
supervisor accountant,supervisor accountant_0,role,"'accounts payable', 'accounts receivable', 'accruals', 'ad-hoc reporting', 'account balancing', 'balance sheet preparation', 'billing', 'bookkeeping', 'certified public accountant (cpa)', 'finance', 'financial reporting', 'general ledger accounting', 'quickbooks', 'report generation', 'sarbanes-oxley (sox) compliance'"
supervisor accountant,supervisor accountant_-1,role,"'atlas software', 'business objects', 'charting', 'government regulations', 'data visualization', 'harvard graphics', 'jd edwards enterpriseone', 'lotus notes', 'nanovision', 'ngs systems', 'phoenix e1', 'presentation skills', 'quicken', 'tax preparation', 'variance analysis'"
supervisor accountant,supervisor accountant_1,role,"'microsoft access', 'microsoft powerpoint'"
supervisor reliability engineer,supervisor reliability engineer_-1,role,"'construction management', 'facility modifications', 'recruiting', 'quality inspection', 'laser technology', 'negotiation', 'paper converting equipment operation', 'business process improvement', 'simulation', 'statistical process control (spc)', 'supervision'"
"supervisor, accounts control branch","supervisor, accounts control branch_-1",role,"'accounts payable', 'financial systems analysis', 'critical thinking', 'financial reporting', 'program management'"
support manager,support manager_-1,role,"'multitasking', 'scheduling', 'travel arrangements', 'data entry', 'email communication', 'business correspondence', 'internet research', 'data collection', 'computer programming', 'critical thinking', 'active learning', 'results-oriented', 'public speaking', 'minute taking'"
surfacing lab technician,surfacing lab technician_0,role,"'critical thinking', 'strategic thinking'"
surfacing lab technician,surfacing lab technician_1,role,"'engineering knowledge', 'chemical engineering', 'engineering operations', 'engineering standards', 'quality inspection', 'business process improvement', 'staffing', 'technical support'"
surfacing lab technician,surfacing lab technician_-1,role,"'calibration', 'complex problem solving', 'document management testing', 'google docs', 'cross-functional collaboration', 'microsoft visio', 'standard operating procedures (sop)', 'validation'"
surfacing lab technician,surfacing lab technician_2,role,"'safety committee', 'supervision'"
system developer,system developer_-1,role,"'defect detection', 'embedded software development'"
system engineer analyst,system engineer analyst_-1,role,"'application programming', 'java programming', 'requirements gathering', 'system analysis'"
system technology specialist,system technology specialist_0,role,"'critical thinking', 'data collection', 'data entry', 'email communication', 'internet research', 'business correspondence'"
system technology specialist,system technology specialist_1,role,"'multitasking', 'minute taking', 'scheduling'"
system technology specialist,system technology specialist_-1,role,"'results-oriented', 'public speaking'"
systems administrator,systems administrator_0,role,"'leetcode', 'owasp zap'"
systems administrator,systems administrator_-1,role,"'gnu debugger (gdb)', 'postman api', 'lucidchart', 'cisco', 'jira', 'github'"
systems administrator,systems administrator_1,role,"'data warehousing', 'devops', 'sensor technology', 'software as a service (saas)'"
systems analyst,systems analyst_-1,role,"'visual studio code', 'xilinx vivado', 'microsoft visio', 'junit', 'mathematics', 'vhdl', 'cascading style sheets (css)', 'sensor technology', 'matlab'"
systems engineer,systems engineer_-1,role,"'data migration', 'jenkins ci', 'owasp zap', 'ibm db2', 'root cause analysis', 'cisco', 'ruby programming', 'chemistry', 'commissioning', 'matlab'"
systems engineer,systems engineer_0,role,"'software as a service (saas)', 'unity (game engine)', 'solution architecture', 'operating systems', 'technical program management', 'data warehousing', 'microsoft visio', 'devops', 'engineering resource management', 'microsoft access', 'sql', 'vendor management'"
systems engineer,systems engineer_1,role,"'physics', 'sensor technology'"
systems engineering intern,systems engineering intern_-1,role,"'acrylic painting', 'conceptual design', 'engineer in training (eit)', 'graphic design', 'laser technology', 'microsoft powerpoint', 'microsoft word', 'progress software', 'proposal writing', 'report generation', 'robotics', 'solidworks', 'statistics', 'time management'"
tank platoon sergeant,tank platoon sergeant_-1,role,"'leadership mentoring', 'performance tracking', 'project analysis', 'security clearance'"
tax accountant,tax accountant_-1,role,"'cobol programming', 'root cause analysis', 'operating systems', 'quick learner', 'multitasking'"
tax analyst,tax analyst_-1,role,"'annual reports', 'report generation', 'team building', 'financial statement preparation', 'year-end processing', 'financial reporting', 'tax preparation', 'closing procedures', 'billing', 'analytical skills', 'accounts receivable', 'administrative skills', 'month-end close', 'record keeping', 'policy development', 'tax law', 'finance'"
teaching assistant,teaching assistant_-1,role,"'account management', 'adobe dreamweaver', 'google docs', 'grading and evaluation', 'mac os', 'matlab', 'opengl', 'procurement', 'quantitative analysis', 'self-motivation', 'student support', 'technology integration', 'valgrind', 'webgl'"
teaching assistant,teaching assistant_2,role,"'adobe photoshop', 'classroom monitoring', 'esl teaching', 'microsoft powerpoint', 'microsoft word', 'presentation skills', 'tutoring', 'microsoft visual studio'"
teaching assistant,teaching assistant_3,role,"'algebra', 'mathematics', 'geometry'"
teaching assistant,teaching assistant_1,role,"'java programming', 'linux administration', 'perl programming', 'php programming', 'r programming', 'scheme programming', 'unix'"
teaching assistant,teaching assistant_0,role,"'postgresql', 'sql', 'sqlite'"
technical support,technical support_-1,role,"'root cause analysis', 'selenium testing', 'visual studio code', 'tensorflow', 'docker', 'conflict management'"
technical support coordinator,technical support coordinator_-1,role,"'administrative skills', 'learning management systems (lms)', 'professionalism', 'crm software', 'technical support'"
technical support engineer,technical support engineer_-1,role,"'computer networking', 'dynamic host configuration protocol (dhcp)', 'window installation', 'data migration', 'messaging systems', 'ios development', 'team building', 'mcse certification', 'bridge engineering', 'ibm db2', 'geometry', 'medical imaging', 'computer programming', 'root cause analysis', 'active directory', 'java programming', 'sensor technology', 'service level agreements (sla)', 'microsoft access', 'router configuration', 'sql', 'perl programming', 'data access', 'itil', 'email communication', 'desktop support', 'microsoft technologies', 'operating systems', 'technical support', 'server administration'"
technical support specialist,technical support specialist_-1,role,"'performance tracking', 'android development', 'root cause analysis', 'security clearance', 'business processes', 'sensor technology', 'cisco', 'leadership mentoring', 'sql', 'operating systems', 'software as a service (saas)', 'ruby programming'"
technical support specialist,technical support specialist_0,role,"'ios development', 'team building', 'project analysis'"
technical support specialist,technical support specialist_1,role,"'physics', 'computer programming', 'mathematics', 'algebra'"
technical support specialists,technical support specialists_-1,role,"'government sell-offs', 'lean manufacturing', 'schematic reading'"
technician,technician_-1,role,"'chemistry', 'statistical package for the social sciences (spss)', 'electrical wiring', 'angularjs', 'ibm db2', 'record keeping', 'downtime minimization', 'graphql', 'sql', 'radar systems', 'working at heights', 'ultra high frequency (uhf)', 'geometric dimensioning and tolerancing (gd&t)'"
technician,technician_0,role,"'oscilloscope operation', 'broadcast engineering', 'physics', 'test equipment', 'geometry', 'technical planning', 'conceptual design', 'sensor technology', 'operations analysis', 'facilities management', 'algebra', 'measurement', 'computer networking', 'calibration', 'time management'"
technician,technician_1,role,"'soldering', 'rigging'"
technician and instructor,technician and instructor_0,role,"'cabling installation', 'hardware installation', 'network installation', 'network design', 'operating systems', 'network troubleshooting'"
technician and instructor,technician and instructor_1,role,"'database administration', 'database programming', 'linux programming', 'java programming'"
technician and instructor,technician and instructor_-1,role,"'firewall administration', 'ip addressing', 'monitoring and evaluation (m&e)', 'negotiation'"
technology coordinator,technology coordinator_-1,role,"'administrative skills', 'learning management systems (lms)', 'professionalism', 'crm software', 'technical support'"
teller,teller_0,role,"'contract preparation', 'utilities management', 'prime contract management', 'meeting management', 'contract management'"
teller,teller_-1,role,"'microsoft powerpoint', 'expense reporting', 'data warehousing', 'direct current (dc)', 'physics', 'computer programming', 'transportation logistics', 'sensor technology', 'microsoft word', 'account balancing', 'microstation', 'record keeping', 'capital expenditures (capex)', 'peak analysis', 'cash handling', 'civil engineering'"
teller,teller_1,role,"'team building', 'design and construction', 'project planning', 'technical specifications'"
territory sales manager,territory sales manager_-1,role,"'profit and loss (p&l) management', 'account management', 'business development', 'microsoft access', 'contract negotiation'"
test technician,test technician_0,role,"'client-server architecture', 'computer networking', 'computer sales', 'desktop support', 'time management', 'functional testing', 'hp hardware', 'hp netservers', 'quality inspection', 'laptop repair', 'lean manufacturing', 'mechanical processes', 'printer management', 'network interface cards (nics)', 'operating systems', 'operations analysis', 'product improvement', 'solidworks', 'progress software', 'protocol execution', 'purchasing', 'server administration', 'technical specifications', 'supervisory skills', 'system integration', 'technical planning', 'technical support', 'usability testing', 'windows vista'"
test technician,test technician_1,role,"'data entry', 'data migration', 'data validation'"
test technician,test technician_-1,role,"'decisiveness', 'raid configuration', 'root cause analysis'"
thermal engineering intern,thermal engineering intern_-1,role,"'ansys', 'camera operation', 'decision-making', 'instructor', 'nastran', 'operating systems', 'msc patran', 'research and development (r&d)', 'statistical process control (spc)'"
thermal engineering intern,thermal engineering intern_1,role,"'methodology', 'feature engineering', 'machining', 'mechanical design', 'physics', 'predictive modeling', 'robotics', 'solidworks'"
thermal engineering intern,thermal engineering intern_0,role,"'fortran programming', 'matlab'"
thermal technician,thermal technician_-1,role,"'government sell-offs', 'lean manufacturing', 'schematic reading'"
traffic coordinator ad manager,traffic coordinator ad manager_0,role,"'online advertising', 'ad copywriting', 'advertising', 'billing', 'salesforce'"
traffic coordinator ad manager,traffic coordinator ad manager_-1,role,"'cabling systems', 'dynamics ax', 'finance', 'focus erp', 'gantt chart scheduling', 'jira', 'oracle database', 'business process improvement', 'proposal writing', 'report generation', 'scheduling', 'workbench'"
traffic coordinator ad manager,traffic coordinator ad manager_1,role,"'microsoft teams', 'microsoft powerpoint', 'microsoft word'"
trainee,trainee_-1,role,"'c# programming', 'natural language processing (nlp)', 'scikit-learn', 'sql'"
trainee   cloud administration,trainee   cloud administration_0,role,"'credit risk modeling', 'fraud detection'"
trainee   cloud administration,trainee   cloud administration_-1,role,"'linux administration', 'natural language processing (nlp)', 'pyspark', 'r programming'"
trainee   cloud administration,trainee   cloud administration_1,role,"'portfolio analysis', 'predictive analytics'"
trainee intern,trainee intern_-1,role,"'data science', 'data visualization'"
trainee internship,trainee internship_-1,role,"'data validation', 'natural language processing (nlp)', 'r programming', 'tableau'"
training coordinator,training coordinator_-1,role,"'professionalism', 'crm software', 'prioritization', 'learning management systems (lms)', 'technical support', 'team building'"
tutor,tutor_-1,role,"'ansys', 'app development', 'cascading style sheets (css)', 'ip addressing', 'latex', 'microsoft project', 'monitoring and evaluation (m&e)', 'negotiation', 'solidworks', 'systems tool kit (stk)', 'user-centered design', 'visual basic'"
tutor,tutor_1,role,"'cabling installation', 'hardware installation', 'network installation', 'network design', 'network troubleshooting'"
tutor,tutor_0,role,"'database administration', 'database programming', 'firewall administration', 'java programming', 'linux administration', 'linux programming', 'operating systems', 'php programming', 'r programming', 'sql'"
unix administrator assistant,unix administrator assistant_-1,role,"'ibm db2', 'linux administration'"
unix administrator assistant,unix administrator assistant_0,role,"'java programming', 'oracle database', 'sql', 'unix'"
unix administrator assistant,unix administrator assistant_1,role,"'microsoft access', 'microsoft frontpage', 'microsoft visio', 'microsoft word', 'visual basic', 'windows 2000', 'windows vista'"
unmanned aerial vehicle (uav) maintenance technician,unmanned aerial vehicle (uav) maintenance technician_-1,role,"'electrical component repair', 'electrical equipment operation', 'equipment installation', 'electrostatic discharge (esd) control', 'fabrication', 'functional testing', 'live electrical work', 'lockout/tagout (loto)', 'mechanical repair', 'oil servicing', 'power generation', 'soldering', 'solenoid valves'"
used car manager,used car manager_-1,role,"'mathematics', 'cold calling', 'account management', 'business development', 'certified nursing assistant (cna)', 'multitasking'"
used car manager,used car manager_1,role,"'report generation', 'lead generation'"
used car manager,used car manager_0,role,"'computer literacy', 'customer needs assessment'"
value stream group leader,value stream group leader_-1,role,"'autodesk inventor', 'lean manufacturing', 'mentoring', 'new product development', 'business process improvement'"
vice president,vice president_-1,role,"'billing', 'cash flow projections', 'government contracting', 'jd edwards enterpriseone', 'labview', 'matlab', 'sage peachtree', 'quickbooks', 'self-motivation'"
"vice president, commercial digital services","vice president, commercial digital services_-1",role,"'analytical skills', 'client engagement', 'data storage', 'demand generation', 'government experience', 'interoperability'"
volunteer math tutor,volunteer math tutor_0,role,"'algebra', 'mathematics', 'geometry', 'grading and evaluation', 'quantitative analysis'"
volunteer math tutor,volunteer math tutor_1,role,"'classroom monitoring', 'esl teaching'"
volunteer math tutor,volunteer math tutor_-1,role,"'google docs', 'presentation skills', 'procurement', 'sql', 'student support', 'technology integration'"
vp of business development,vp of business development_-1,role,"'graphical user interface (gui) design', 'next.js', 'computer networking', 'business processes', 'balance sheet preparation', 'component object model (com)', 'clinical trials', 'fundraising', 'ios development'"
vp of business development,vp of business development_2,role,"'methodology', 'clinical research'"
vp of business development,vp of business development_0,role,"'presentation skills', 'email communication', 'public speaking'"
vp of business development,vp of business development_1,role,"'equity trading', 'bond trading', 'business development', 'innovation management', 'financial planning', 'corporate finance', 'finance'"
vp of engineering,vp of engineering_1,role,"'camera operation', 'medical imaging', 'computer vision'"
vp of engineering,vp of engineering_-1,role,"'closing procedures', 'component object model (com)', 'content creation', 'credit analysis', 'driving', 'recruiting', 'messaging systems', 'presentation skills', 'radio communications', 'receiving', 'shipping and receiving', 'storytelling', 'technical support', 'venture capital'"
vp of engineering,vp of engineering_2,role,"'contract management', 'database administration', 'software developer', 'feature engineering', 'finance', 'insurance', 'market planning', 'new product development', 'order management', 'policy development', 'pricing strategy', 'procurement', 'product development', 'product management', 'product marketing', 'program management', 'retail operations', 'sales management', 'utilities management', 'workflow management'"
vp of engineering,vp of engineering_0,role,"'data migration', 'data encryption', 'data interpretation'"
vp of engineering and operations,vp of engineering and operations_1,role,"'camera operation', 'medical imaging', 'computer vision'"
vp of engineering and operations,vp of engineering and operations_-1,role,"'closing procedures', 'component object model (com)', 'content creation', 'credit analysis', 'driving', 'recruiting', 'messaging systems', 'presentation skills', 'radio communications', 'receiving', 'shipping and receiving', 'storytelling', 'technical support', 'venture capital'"
vp of engineering and operations,vp of engineering and operations_2,role,"'contract management', 'database administration', 'software developer', 'feature engineering', 'finance', 'insurance', 'market planning', 'new product development', 'order management', 'policy development', 'pricing strategy', 'procurement', 'product development', 'product management', 'product marketing', 'program management', 'retail operations', 'sales management', 'utilities management', 'workflow management'"
vp of engineering and operations,vp of engineering and operations_0,role,"'data migration', 'data encryption', 'data interpretation'"
vp sales and marketing,vp sales and marketing_0,role,"'advertising', 'brand management', 'business development', 'direct marketing', 'sales expertise', 'fundraising', 'sales implementation', 'sales growth', 'key account management', 'sales management', 'promotional marketing', 'relationship management', 'sales forecasting', 'sales objectives', 'sales planning'"
vp sales and marketing,vp sales and marketing_-1,role,"'aviation', 'community outreach', 'cost control', 'energy management', 'finance', 'mac os', 'order processing', 'project development', 'public relations (pr)', 'quicken', 'storage area network (san)', 'scheduling', 'shipping and receiving', 'simultaneous interpretation'"
vp sales and marketing,vp sales and marketing_1,role,"'data stewardship', 'computer networking'"
vp solutions sales,vp solutions sales_1,role,"'camera operation', 'medical imaging', 'computer vision'"
vp solutions sales,vp solutions sales_-1,role,"'closing procedures', 'component object model (com)', 'content creation', 'credit analysis', 'driving', 'recruiting', 'messaging systems', 'presentation skills', 'radio communications', 'receiving', 'shipping and receiving', 'storytelling', 'technical support', 'venture capital'"
vp solutions sales,vp solutions sales_2,role,"'contract management', 'database administration', 'software developer', 'feature engineering', 'finance', 'insurance', 'market planning', 'new product development', 'order management', 'policy development', 'pricing strategy', 'procurement', 'product development', 'product management', 'product marketing', 'program management', 'retail operations', 'sales management', 'utilities management', 'workflow management'"
vp solutions sales,vp solutions sales_0,role,"'data migration', 'data encryption', 'data interpretation'"
wafer fab technician,wafer fab technician_-1,role,"'quality inspection', 'lean manufacturing', 'mechanical processes', 'protocol execution', 'supervisory skills', 'system integration'"
web developer,web developer_0,role,"'objective-c programming', 'iis 6.0', 'c# programming', 'pascal programming', 'php programming', 'vb.net', '.net', 'sql', 'perl programming', 'iis 5.0', 'graphic design'"
web developer,web developer_-1,role,"'soap', 'kanban', 'jquery', 'product owner', 'cascading style sheets (css)', 'adobe photoshop', 'apache spark'"
web developer,web developer_1,role,"'sql server integration services (ssis)', 'sql server reporting services (ssrs)', 'data transformation services (dts)'"
web developer intern,web developer intern_-1,role,"'analytical skills', 'cascading style sheets (css)', 'angularjs', 'risk assessment', 'sql', 'visual basic'"
windows administrator,windows administrator_0,role,"'active directory', 'computer networking', 'server administration'"
windows administrator,windows administrator_-1,role,"'bridge engineering', 'desktop support', 'dynamic host configuration protocol (dhcp)', 'domain name system (dns)', 'medical imaging', 'itil', 'email communication', 'mcse certification', 'messaging systems', 'data migration', 'router configuration', 'service level agreements (sla)', 'window installation'"
windows administrator,windows administrator_1,role,"'microsoft technologies', 'technical support'"
Global,global_-1,global,"'computer programming', , 'engineering operations', 'numerical analysis', 'change management', 'automotive engineering', 'month-end close', 'debit accounting', 'cross-functional collaboration', 'new product development', 'quantitative analysis', 'soap', 'eagle system', 'mckesson systems', 'technology integration', 'nastran', 'snowflake', 'transmission', 'unix terminal', 'dmaic methodology', 'ibm db2', 'data acquisition', 'supervision', 'community outreach', 'as/400', 'web applications', 'lecturing', 'adobe illustrator', 'object-oriented programming (oop)', 'fabrication', 'big data analytics', 'oracledb', 'requestnet', 'utilities management', 'profit and loss (p&l) management', 'azure databricks', 'technical planning', 'business case analysis', 'market research', 'erp systems proficiency', 'technical specifications', 'process optimization', 'instructional design', 'hammer operation', 'malwarebytes', 'directing', 'engineering resource management', 'certified nursing assistant (cna)', 'fds software', 'teamwork', 'procurement', 'microsoft visual studio', 'network security', 'content management system (cms)', 'seaborn', 'computer literacy', 'high-performance computing (hpc)', 'usda regulations', 'continuous improvement', 'contract administration', 'camera operation', 'client engagement', 'spc++', 'decision trees', 'mp4 video format', 'ultratax cs', 'data analysis expressions (dax)', 'remedy itsm', 'diagnostic software', 'adobe analytics', 'vbscript', 'profit pluss 2k8', 'sqlite', 'allen bradley rslogix', 'empirical modeling', 'root cause analysis', 'hyperion essbase', 'novell directory services (nds)', 'elasticsearch', 'audience engagement', 'laser technology', 'xcode', 'chemical engineering', 'megabytes (mb)', 'technical authoring', 'law enforcement', 'outpatient care', 'record keeping', 'artistic skills', 'it management', 'long short-term memory (lstm)', 'through-hole technology', 'hadoop distributed file system (hdfs)', 'market development', 'crm software', 'expense reporting', 'virtual private network (vpn)', 'functional testing', 'pcanywhere', 'google cloud platform (gcp)', 'random forest algorithm', 'ge amx service', 'invoice processing', 'business solutions', 'lending', 'siemens e-cam service', 'medline database', 'sales reporting', 'lotus software', 'meeting facilitation', 'first aid', 'development', 'machining', 'matlab', 'patient safety', 'cd-rom media', 'key aspect analysis', 'pyspark', 'solenoid valves', 'credit analysis', ""driver's license"", 'public accounting', 'primary care', 'research support', 'outside sales', 'retail operations', 'pandas (python library)', 'customer complaint resolution', 'financial controller', 'transportation logistics', 'employee relations', 'iis 5.0', 'quickbooks pro', 'home office setup', 'market positioning', 'data interpretation', 'mpeg video compression', 'sap time management', 'data preparation', 'audio engineering', 'heuristics', 'accounts payable', 'data stewardship', 'results-oriented', 'plat indexes', 'dbase', 'xilinx ise', 'operations analysis', 'ccna', 'electrical drafting', 'complex problem solving', 'content development', 'system and organization controls (soc)', 'paper converting equipment operation', 'project coordination', 'sales management', 'sage mas 90', 'safety committee', 'data classification', 'usability testing', 'government-sponsored enterprise (gse)', 'unsupervised learning', 'project development', 'data transformation services (dts)', 'web page design', 'wonderware', 'integration testing', 'windows programming', 'acrylic painting', 'system configuration', 'toshiba vantage mri service', 'microwave engineering', 'pega systems', '5s methodology', 'memtest86', 'google docs', 'digital logic', 'google colab', 'proposal development', 'dell systems', 'fixed asset software', 'billing', 'hindi language', 'clinical research', 'xamarin', 'equity trading', 'method development', 'portuguese language', 'bridge engineering', 'recurrent neural network (rnn)', 'act! crm', 'non-destructive testing (ndt)', 'direction', 'typing speed', 'bounded rationality', 'shipping and receiving', 'spring boot', 'fiscal management', 'geometry', 'coaching', 'systems tool kit (stk)', 'configuration management', 'validation', 'motorola systems', 'taxslayer', 'command line interface (cli)', 'adobe captivate', 'emv systems', 'conceptual design', 'trend analysis', 'electrostatic discharge (esd) control', 'fashion design', 'ip addressing', 'office equipment operation', 'workforce management systems', 'business writing', 'angularjs', 'quality control circle (qcc)', 'creo parametric', 'event management', 'jquery', 'stakeholder management', 'itil', 'back-end development', 'driver booster', 'game theory', 'informatica powercenter', 'file maintenance', 'microsoft visio', 'visual testing', 'production management', 'financial research', 'network design', 'process analysis', 'siebel crm', 'embedded c programming', 'ge c-arm service', 'gnu octave', 'gage repeatability and reproducibility (gage r&r)', 'production engineering', 'owasp zap', 'sensor technology', 'quality inspection', 'quicken', 'waste reduction', 'etap electrical power system analysis software', 'hboc systems', 'know your customer (kyc)', 'solution architecture', 'server administration', 'engineering standards', 'credit risk modeling', 'bounding algorithms', 'nltk', 'dependability', 'cashier skills', 'related skills', 'macros', 'lfacs system', 'autodesk revit', 'feature engineering', 'accruals', 'document scanning', 'environmental protection', 'mapreduce', 'frame analysis', 'computer peripherals', '8d problem solving', 'bluebeam revu', 'building commissioning', 'hwinfo', 'sales objectives', 'analysis of variance (anova)', 'flask (python framework)', 'electrical mechanical systems', 'community health', 'tax accounting', 'radiography', 'it support', 'market share analysis', 'microsoft teams', 'mlops', 'ims database', 'windows 7', 'profit and loss (p&l) analysis', 'hand tool operation', 'general ledger accounting', 'mechanical design', 'mainframe systems', 'conversational ai', 'jvs system', 'adp ezlabor', 'product design', 'driving', 'software training', 'prioritization', 'technical support', 'router configuration', 'public speaking', 'copying', 'basis accounting', 'simple network management protocol (snmp)', 'tendering', 'purchasing', 'autodesk inventor', 'balance sheet preparation', 'online advertising', 'electronic component identification', 'cloud testing', 'student support', 'internal audit', 'profitability analysis', 'process flow diagram (pfd)', 'market planning', 'document reporting', 'kronos workforce management', 'conference management', 'siemens step 7', 'business communications', 'design for manufacturing (dfm)', 'investment management', 'instructor', 'gnu debugger (gdb)', 'sales growth', 'raspberry pi', 'first article inspection', 'systems design', 'group policy', 'government regulations', 'switchgear', 'pspice', 'maple software', 'lotus sametime', 'microsoft foundation class (mfc)', 'sun microsystems', 'marketing materials', 'operating systems', 'business objects', 'tango', 'unix', 'icgs/idds systems', 'android development', 'receptionist duties', 'convolutional neural networks (cnn)', 'anti-virus software', 'predictive modeling', 'java virtual machine (jvm)', 'pytorch', 'principal component analysis (pca)', 'java programming', 'windows 9x', 'interviewing', 'oracle financials', 'cabling systems', 'orcad', 'lighting design', 'downtime minimization', 'business process improvement', 'preventive maintenance', 'prosystem fx tax', 'team management', 'request for information (rfi)', 'analog and digital filter design', 'dispatching', 'fast learner', 'facility modifications', 'windows explorer', 'vision systems', 'oil servicing', 'solidworks', 'data backup', 'artificial intelligence', 'pharmacy', 'apqp', 'pneumatics', 'anytime scheduler', 'ruby on rails', 'product and service sales', 'lasso regression', 'acronis true image', 'lombardi bpm', 'blackboard learning system', 'dynamic host configuration protocol (dhcp)', 'contract preparation', 'postman api', 'crime scene investigation (csi)', 'postgresql', 'software development life cycle (sdlc)', 'remote access', 't1 lines', 'manual testing', 'mechanical processes', 'data handling', 'life insurance', 'people development', 'ieee standards', 'copier operation', 'business acumen', 'polish language', 'simulation', 'hardware installation', 'streak crm', 'interior decorating', 'intellectual property (ip)', 'toyota production system (tps)', 'technical sales', 'lx systems', 'requirements tracing', 'revenue recognition', 'windows vista', 'office switchboard operation', 'component object model (com)', 'wireless application protocol (wap)', 'software proficiency', 'iwork', 'adp payroll', 'logic analyzers', 'statistics', 'valgrind', 'windows 2000', 'risk assessment', 'tensorflow', 'clarity ppm', 'fixed asset accounting', 'xml', 'react native', 'quick learner', 'administrative management', 'internet research', 'vendor selection', 'jdbc api', 'application support', 'java', 'junit', 'business processes', 'sales planning', 'supervisory skills', 'active noise cancelling', 'sonet', 'search algorithms', 'engineer in training (eit)', 'balance sheets', 'manufacturing resource planning (mrp)', 'device drivers', 'xgboost', 'ringbuilder software', 'system monitoring', 'secretarial support', 'electrical wiring', 'cadence design systems', 'simulation software', 'data warehousing', 'ibm spss', 'data entry', 'client support', 'data integration', 'credit risk analysis', 'active learning', 'tax law', 'cash handling', 'basic computer skills', 'julia programming', 'microsoft excel vlookup', 'inside sales', 'network installation', 'netbeui protocol', 'workbench', 'procedure development', 'foresight imaging systems', 'low and high voltage systems', 'pr software', 'messaging systems', 'glove handling', 'oil industry', 'leetcode', 'food safety', 'microstation', 'l1/l2 regularization', 'database administrator (dba)', 'verilog hdl', 'netsuite', 'fannie mae', 'invoicing', 'pascal programming', 'php programming', 'drilling engineering', 'marketing collateral', 'peer review', 'kanban', 'linux administration', 'epicor erp', 'printer management', 'proxy servers', 'objective-c programming', 'lotus notes', 'c# programming', 'natural gas operations', 'kaizen methodology', 'clerical skills', 'tr-069', 'schematic reading', 'annuities', 'proofreading', 'labor relations', 'dcs', 'humidity control', 'visual c++', 'ultimate boot cd (ubcd)', 'office master system', 'electronics', 'market expansion', 'training design', 'microsoft accounting', 'proposal writing', 'benefits administration', 'foreign languages', 'memory management', 'global positioning system (gps)', 'military experience', 'logistic regression', 'lathe operation', 'methodology', 'classroom monitoring', 'investor relations', 'turbo c++', 'corporate visa management', 'sales analysis', 'software developer', 'dynamic html5', 'receiving', 'traffic control systems', 'glacier tax prep software', 'reconciliation', 'mac os x', 'coding', 'yarn', 'flask api development', 'reliability-centered maintenance (rcm)', 'financial modeling', 'international business', 'financial performance', 'content protection', 'data processing', 'oral communication', 'product development', 'power bi', 'microsoft access', 'powershell', 'computer vision', 'office administration', 'supervisory control and data acquisition (scada)', 'discrete mathematics', 'cash register operation', 'vhdl', 'recruiting', 'test case development', 'reading comprehension', 'water quality testing', 'market evaluation', 'munis', 'chase paymentech', 'document management testing', 'hospice care', 'algebra', 'data encryption', 'information security', 'content creation', 'intrusion detection systems (ids)', 'sales techniques', 'bill of materials (bom) management', 'i-max technology', 'multimedia production', 'solution design', 'account management', 'open shortest path first (ospf)', 'omb circular a-133', 'circuit design with multisim', 'project support', 'logo design', 'tableau', 'hvac systems', 'al gore fea', 'fraud detection', 'macess software', 'network interface cards (nics)', 'powersteering software', 'low voltage power systems', 'business strategy', 'system integration', 'database programming', 'federal acquisition regulations (far)', 'requirements gathering', 'automated payroll processing', 'developer 2000', 'closing procedures', 'standard operating procedures (sop)', 'royalty management', 'intuit payroll', 'geographic information systems (gis)', 'storytelling', 'fire protection systems', 'cascading style sheets (css)', 'dialysis', 'business intelligence (bi)', 'gated recurrent unit (gru)', 'printer support', 'natural language processing (nlp)', 'working at heights', 'conversion rate optimization (cro)', 'image segmentation', 'multi-line phone systems', 'open source software (oss)', 'apple lion', 'labview', 'self-motivation', 'data transition', 'guided mechanisms', 'facet analysis', 'network attached storage (nas)', 'forklift and crane operation', 'selenium testing', 'financial systems analysis', 'model development', 'lockout/tagout (loto)', 'appfolio', 'clinical trials', 'underwriting', 'curriculum development', 'grading and evaluation', 'textwrangler', 'wireless networking', 'heroku cloud platform', 'charting', 'scikit-learn', 'engineering knowledge', 'access control', 'electronic & mechanical technology', 'performance reviews', 'cost-benefit analysis', 'valuation', 'analog-to-digital conversion (adc)', 'leadership mentoring', 'pillow (python imaging library)', 'prime contract management', 'internal controls', 'r programming', 'designer 2000', 'k-nearest neighbors (knn)', 'data trending', 'toshiba aquilion ct service', 'point of sale (pos) systems', 'forklift operation', 'onboarding', 'visual foxpro', 'leadership experience', 'financial planning', 'broadcast engineering', 'sales skills', 'product owner', 'scala programming', 'client-server architecture', 'aaa security model', 'live electrical work', 'product marketing', 'vi text editor', 'individual tax returns', 'dbase iv', 'apache lucene', 'white paper writing', 'sarbanes-oxley (sox) compliance', 'collections', 'instrumentation and control systems', 'biotechnology', 'npi/jdm/odm', 'mechanical repair', 'technical review', 'innovation management', 'iis 6.0', 'finance', 'video conferencing', 'accounts receivable', 'natural language processing', 'sculpting', 'crystal ball software', 'order processing', 'data access', 'competitive analysis', 'plastics manufacturing', 'data reporting', 'transmission systems', 'fmea', 'ceridian hris', 'structured programming', 'power supply design', 'swedish language', 'relationship management', 'injection molding', 'mathematics', 'hp hardware', 'peak analysis', 'email communication', 'idx broker', 'data integrity', 'accounts payable/receivable', 'service level agreements (sla)', 'value stream mapping', 'pentaho', 'dropbox', 'data fetching', 'case management', 'talent management systems', 'iec 61131 programming', 'fedex operations', 'phoenix e1', 'keane care software', 'defect management', 'firewall administration', 'database design', 'windows 95', 'app development', 'territory management', 'tube furnaces', 'identity and access management (iam)', 'performance tracking', 'vb.net', 'osha regulations', 'software as a service (saas)', 'a+ certification', 'cost control', 'docker', 'defect detection', 'statistical package for the social sciences (spss)', 'scheduling', 'xilinx vivado', 'kibana', 'cae software', 'focus erp', 'microsoft frontpage', 'profit improvement', 'blueprint reading', 'opengl', 'account balancing', 'adjustments', 'artificial neural networks (ann)', 'direct mail marketing', 'test stand fabrication', 'chemistry', 'ifixit pro tech toolkit', 'cash flow projections', 'desktop publishing', 'aviation', 'windows 2000 server administration', 'business administration', 'intel processors', 'border gateway protocol (bgp)', 'technical architecture', 'data extraction', 'weka', 'customer needs assessment', 'esl teaching', 'welding', 'apache kafka', 'appointment scheduling', 'organization skills', 'embedded linux', 'powerworld simulator', 'promotional marketing', 'salesforce', 'two-tier architecture', 'administrative skills', 'opencv', 'adt security systems', 'judgment', 'learning management systems (lms)', 'apple computers', 'ios development', 'calibration', 'jira', 'sublime text', 'linux programming', 'ridge regression', 'sailpoint identityiq', 'management information systems (mis)', 'california regulations', 'microsoft edge', 'peripheral installation', 'ngs systems', 'business-to-customer (b2c)', 'ethernet networking', 'google drive', 'technology architecture', 'council management', 'usb technology', 'adobe dreamweaver', 'wide area network (wan)', 'derivatives trading', 'database systems', 'sage fixed assets', 'extract, 'cisco', 'bi360', 'negotiation', 'ipx protocol', 'radio communications', 'cold calling', 'robotics', 'professionalism', 'windows nt server', 'product improvement', 'engineering analysis', 'jax', 'unity (game engine)', 'determination', 'calculator skills', 'event planning', 'data science', 'grant writing', 'conflict resolution', 'atl marketing', 'settlements', 'file structures', 'firebase', 'h.264 video compression', 'floor plan design', 'network switching', 'audio editing', 'software installation', 'design and construction', 'marconi systems', 'cryptography', 'correlation analysis', 'minitab', 'training program implementation', 'energy efficiency', 'tax preparation', 'latex', 'plumbing', 'request for proposal (rfp)', 'physics', 'user-centered design', 'venture capital', 'fortran programming', 'cyber ethics', 'pclaw', 'reliability engineering', 'production analytics', 'international financial reporting standards (ifrs)', 'time series analysis', 'cash receipts', 'project analysis', 'adtran networking equipment', 'hypothesis testing', 'data collection', 'simulink', 'text extraction', 'kubeflow', 'mobile device support', 'simultaneous interpretation', 'telephone skills', 'econometrics', 'loan origination', 'compound synthesis', 'cluster analysis', 'assistance', 'arabic language', 'compensation administration', 'presentation skills', 'soldering', 'hugging face', 'minute taking', 'ibm lombardi', 'lean manufacturing', 'github', 'multitasking', 'radar systems', 'marketing department management', 'business-to-business (b2b)', 'medical devices', 'hp netservers', 'pro/engineer', 'help desk support', 'key performance indicators (kpis)', 'ccp', 'cleaning in place (cip)', 'combinatorial optimization', 'wago codesys', 'delivery management', 'protocol execution', 'manufacturing systems integration', 'electrical systems', 'control systems', 'production part approval process (ppap)', 'annual reports', 'chiller systems', 'solution engineering', 'host software', 'harvard graphics', 'research and development (r&d)', 'systems integration', 'manufacturing yield improvement', 'civil engineering', 'domain name system (dns)', 'security clearance', 'trade show management', 'interpersonal communication', 'pycharm ide', 'ibm watson', 'investment research', 'client focus', 'material testing', 'computer applications', 'regression analysis', 'webgl', 'oracle database', 'data cleansing', 'staffing', 'kubernetes', 'government sell-offs', 'power generation', 'application analysis', 'solar pv system design', 'workflow management', 'perl programming', 'xlnet', 'windows installer (msi)', 'cabling installation', 'eda software', 'salesforce lead management', 'needs assessment', 'hospital pharmacy', 'data wrangling', 'devops', 'capital markets', 'direct marketing', 'direct sales', 'year-end processing', 'microsoft onenote', 'ruby programming', 'ac/dc circuit analysis', 'digital equipment corporation (dec) systems', 'data manipulation', 'wireshark', 'sage accounting software', 'image freeway', 'computer graphics', 'facilities management', 'frx financial reporting', 'mcse certification', 'swift programming', 'bert', 'design verification plan and report (dvp&r)', 'graphics processing unit (gpu)', 'us gaap', 'internal medicine', 'manufacturing engineering', 'novell netware', 'sap r/3', 'process flow analysis', 'hp alm quality center', 'medical imaging', 'graphql', 'test equipment', 'media relations', 'internal controls implementation', 'daily cash receipts', 'catalysis', 'raid configuration', 'asset keeper pro', 'travel arrangements', 'conflict management', 'sql server integration services (ssis)', 'dasylab', 'psim software', 'fund management', 'database servers', 'sales promotions', 'contract management', 'financial reporting', 'agency management', 'project scope management', 'catalog management', 'pattern recognition', 'electrical component repair', 'adobe flash', 'pick programming language', 'storage area network (san)', 'payroll mate software', 'accounting software', 'laundry operation', 'time management', 'wireless communication', 'restaurant management', 'advertising', 'real estate', 'laboratory testing', 'data arbitration', 'cmpro software', 'procedure writing', 'construction management', 'sql server management studio (ssms)', 'analytical skills', 'microsoft technologies', 'quest software', 'mechanical technician', 'brand development', 'modem configuration', 'crystal reports', 'fund accounting', 'capital expenditures (capex)', 'test planning', 'acquisitions', 'graphical user interface (gui) design', 'benchmarking', 'computer numerical control (cnc)', 'corporate finance', 'retail marketing', 'newsletter creation', 'microsoft word', 'policy development', 'adaptability', 'streamlit', 'apache spark', 'os/2', 'portfolio analysis', 'embedded software development', 'customer retention', 'visual basic for applications (vba)', 'visual studio code', 'ibm rational doors', 'production processes', 'complyright software', 'tax return filing', 'secure sockets layer (ssl)', 'aderant/cms', 'contract negotiation', 'industrial electricity', 'technical program management', 'keynote', 'workshop facilitation', 'ad-hoc reporting', 'packaging design', 'jenkins ci', 'training manuals', 'variance analysis', 'dynamics ax', 'control system design', 'personnel records management', 'naval operations', 'mozilla thunderbird', 'ultra high frequency (uhf)', 'mathcad', 'hyperion systems', 'general ledger', 'front-end development', 'text analysis', 'bond trading', 'mongodb', 'tutoring', 'sentiment analysis', 'data storage', 'digital design', 'desktop support', 'market basket analysis', 'tcp/ip networking', 'engineering ethics', 'sales forecasting', 'commissioning', 'project planning', 'arcview', 'talend', 'equipment installation', 'dos', 'government contracts', 'quickbooks', 'helioscope software', 'computer networking', 'sales presentations', 'eagle accounting system', 'mechanical theory', 'support vector machines (svm)', 'full accounting cycle', 'scheme programming', 'certified public accountant (cpa)', 'lucidchart', 'affirmative action compliance', 'alteryx', 'regression testing', 'oscilloscope operation', 'dataset management', 'job costing', 'budget variance analysis', 'k-means clustering', 'expertise', 'trackwise', 'temperature control', 'treasury management', 'sales expertise', 'data exploration', 'system analysis', 'office management', 'keras', 'report generation', 'brand management', 'meeting management', 'creative solutions accounting', 'jupyter notebook', 'chatbot development', 'database tables', 'google bigquery', 'json', 'prolith modeling', 'next.js', 'electronic health records (ehr)', 'parameter tuning', 'loss optimization', 'monitoring and evaluation (m&e)', 'advanced manufacturing techniques', 'operating system installation', 'filling operations', 'predictive analytics', 'ac measurement', 'carpentry', 'mediation', 'performance management', 'mentoring', 'graphic design', 'sap ios sdk', 'manufacturing', 'retail analytics', 'water treatment', 'active directory', 'seminar management', 'cdi', 'novell groupwise', 'netscape messenger', 'order management', 'surface mount technology (smt)', 'matplotlib', 'abila mip fund accounting', 'demand generation', 'apple products', 'myob accounting software', 'orthopedics', 'balanced scorecard', 'government experience', 'browser support', 'anaconda', 'microsoft publisher', 'wsam image', 'fax machine operation', 'decision-making', 'flutter framework', 'process documentation', 'voice over ip (voip)', 'entry level skills', 'nanovision', 'mac os', 'lead generation', 'call center operations', 'very high frequency (vhf)', 'survey design', 'microsoft powerpoint', 'bilingual (spanish)', 'reinforcement learning', 'horizontal analysis', 'full product lifecycle management', 'national electrical code (nec)', 'differential equations', 'data visualization', 'engineering economy', 'jd edwards enterpriseone', 'cbmet', 'cross-functional team leadership', 'journal entries', 'numpy', 'mis reporting', 'digital video broadcasting (dvb)', 'web scraping', 'signal generators', 'microcontroller programming', 'sage peachtree', 'plotly', 'cpr/first aid certified', 'environmental science', 'atlas software', 'oracle 8i', 'exploratory data analysis', 'data validation', 'python data libraries', 'timberline software', 'pricing strategy', 'bluehill testing software', 'master of business administration (mba)', 'multivariate analysis', 'training materials', 'environmental health and safety (ehs)', 'nosql databases', 'amazon redshift', 'laptop repair', 'rigging', 'machine learning engineer', 'cost reduction', 'power distribution systems', 'gantt chart scheduling', 'layout design', 'merchandising', load (etl)', 'philosophy', 'renovation', 'roofing', 'pocket pc', 'protel pcb design', 'file transfer protocol (ftp)', 'sales implementation', 'electrical equipment operation', 'sound card configuration', 'issues management', 'product management', 'calbench', 'data migration', 'database administration', 'adobe photoshop', 'bookkeeping', '.net', 'property management', 'insurance', 'program management', 'apache pig', 'issue resolution', 'threading', 'social media marketing', 'direct current (dc)', 'sap materials management (mm)', 'cobol programming', 'user support', 'adobe pagemaker', 'systems integrator', 'database software', 'atm operation', 'purchasing card management', 'government contracting', 'leadership training', 'window installation', 'energy management', 'spacy', 'haskell programming', 'data sorting', 'business growth strategies', 'intuit proseries', 'measurement', 'heat transfer', 'manual dexterity', 'form design', 'google calendar', 'hp quicktest professional (qtp)', 'ad copywriting', 'mergers and acquisitions (m&a)', 'payroll processing', 'sheet metal fabrication', 'routing protocols', 'microsoft project', 're-engineering', 'visual basic', 'american institute of architects (aia)', 'apple numbers', 'microsoft windows 10', 'teamviewer', 'statgraphics', 'pico framework', 'interoperability', 'calculus', 'client development', 'statistical process control (spc)', 'systems engineering', 'easypower software', 'front office management', 'attention to detail', 'anatomy knowledge', 'open source software', 'sql', 'http live streaming (hls)', 'hardware and software installation', 'geometric dimensioning and tolerancing (gd&t)', 'financial statement preparation', 'payment terminal management', 'critical thinking', 'dras', 'decisiveness', 'faxing', 'pre-sales support', 'pricing', 'public relations (pr)', 'data gathering', 'objective analysis', 'power systems analysis', 'progress software', 'material selection', 'key account management', 'linear regression', 'local area network (lan)', 'business development', 'strategic thinking', 'ibm cognos', 'central processing units (cpus)', 'maintenance scheduling', 'black box testing', 'qa testing', 'er/studio', 'sql server reporting services (ssrs)', 'ansys', 'network troubleshooting', 'linux containers (lxc)', 'computer sales', 'vendor management', 'application programming', 'assisted living', 'team building', 'transmission control protocol (tcp)', 'process capability analysis', 'leadership development', 'works software', 'lan administration', 'sequential analysis', 'apple pages', 'trial balance', 'aspen hysys', 'skills', 'fundraising', 'trello', 'file management', 'apache tornado', 'white box testing', 'physical stamina', 'videoscribe', 'pearl programming', 'design review', 'integrated reporting', 'cost accounting', 'business correspondence', 'business analysis mentoring', 'recuva', 'goal achievement', 'msc patran', 'mcafee endpoint security', 'tirks system', 'personal computers'"
Global,global_50,global,"'adobe creative suite', 'adobe director', 'director', 'adobe indesign', 'adobe acrobat'"
Global,global_29,global,"'programmable logic controllers (plc)', 'siemens plc', 'plc programming', 'plc-5'"
Global,global_89,global,"'compliance', 'compliance testing', 'safety standards', 'legal compliance', 'safety management', 'safety awareness', 'compliance management', 'safety compliance'"
Global,global_113,global,"'data management', 'database management', 'database management system (dbms)', 'relational database management systems (rdbms)'"
Global,global_133,global,"'program development', 'application development'"
Global,global_74,global,"'hydraulics', 'hydraulic testing', 'mechanical testing', 'pneumatics and hydraulics'"
Global,global_53,global,"'automation design', 'machine tool operation', 'automation tools', 'automation', 'industrial automation'"
Global,global_22,global,"'pharmaceutical compounding', 'drug development'"
Global,global_136,global,"'product project management', 'project management', 'engineering project management'"
Global,global_138,global,"'manufacturing process control', 'manufacturing process improvement', 'process improvement', 'process control', 'manufacturing processes'"
Global,global_35,global,"'iso 9001/as9100 auditing', 'iso standards', 'iso 9000 standards', 'iso 9001/as9100 standards', 'iso 9001 standards'"
Global,global_70,global,"'debugging', 'electronics troubleshooting', 'operating system troubleshooting', 'software troubleshooting', 'troubleshooting', 'pc troubleshooting', 'hardware troubleshooting', 'it troubleshooting', 'mechanical troubleshooting'"
Global,global_134,global,"'software development', 'software systems engineering', 'software engineering'"
Global,global_147,global,"'marketing research', 'strategic marketing', 'marketing and sales', 'marketing', 'marketing strategy', 'retail sales', 'marketing planning', 'marketing strategies', 'sales', 'sales strategies'"
Global,global_83,global,"'documentation', 'technical documentation', 'document management', 'content management', 'document control', 'document manager software', 'documentation management'"
Global,global_122,global,"'network administration', 'network systems administration', 'system administration', 'network management'"
Global,global_9,global,"'spring framework', 'bootstrap framework'"
Global,global_146,global,"'managerial accounting', 'accruals accounting', 'accounting management', 'accounting', 'financial accounting', 'accounting operations', 'corporate accounting', 'general accounting'"
Global,global_7,global,"'multimeter operation', 'fluke multimeter operation', 'digital multimeter (dmm)'"
Global,global_42,global,"'scrum master', 'agile methodologies', 'agile coaching', 'scrum methodology'"
Global,global_80,global,"'quality control', 'quality management', 'quality management systems', 'quality control (qc)', 'total quality management (tqm)'"
Global,global_41,global,"'digital signal processing', 'analog and digital circuitry', 'digital tv'"
Global,global_115,global,"'ibm systems', 'microprocessor design', 'computer hardware', 'processor design', 'computer systems', 'hardware and software design', 'ibm pc hardware', 'pc hardware', 'hardware design'"
Global,global_119,global,"'management skills', 'management experience', 'organizational skills'"
Global,global_40,global,"'drawing', 'detail drawings', 'detail-oriented', 'architectural drafting', 'painting', 'drafting', 'drawings'"
Global,global_28,global,"'mercurial version control', 'git version control', 'version control'"
Global,global_48,global,"'printed circuit board (pcb) design', 'electronic circuit analysis', 'circuit board design', 'pcb design', 'circuit design'"
Global,global_125,global,"'employee management', 'senior management', 'executive management', 'management', 'payroll management', 'business management', 'staff management'"
Global,global_16,global,"'pivot tables', 'microsoft power pivot', 'microsoft excel pivot tables'"
Global,global_1,global,"'catia', 'catsweb', 'catboost'"
Global,global_38,global,"'3d rendering', 'model building', '3d modeling', '3d printing', '3d technology'"
Global,global_19,global,"'html/css', 'html', 'html5'"
Global,global_114,global,"'audit reporting', 'compliance audits', 'auditing', 'financial audits'"
Global,global_82,global,"'deep neural networks (dnn)', 'deep learning', 'neural networks'"
Global,global_72,global,"'bank reconciliation', 'account reconciliation', 'bank reconciliations'"
Global,global_3,global,"'aws lambda', 'amazon web services (aws)', 'aws textualizer', 'aws view', 'aws deployment'"
Global,global_26,global,"'apache hadoop', 'mysql', 'apache hive', 'hiveql'"
Global,global_121,global,"'erp implementation', 'erp software', 'erp systems', 'enterprise resource planning (erp)'"
Global,global_58,global,"'http protocol', 'network protocols'"
Global,global_123,global,"'cash management', 'cash flow statements', 'cash flow analysis', 'cash flow management'"
Global,global_75,global,"'payment processing', 'purchase order processing'"
Global,global_47,global,"'assembly language', 'assembly language programming', 'mips assembly language'"
Global,global_110,global,"'budget analysis', 'budget development', 'budget management', 'budget preparation', 'budget planning', 'financial budgeting and forecasting', 'budget forecasting', 'budgeting'"
Global,global_20,global,"'e-business', 'e-learning', 'e-commerce'"
Global,global_140,global,"'statistical analysis', 'business analytics', 'data insights', 'research analysis', 'customer analytics', 'data analytics', 'data analysis'"
Global,global_108,global,"'sap erp', 'sap fi'"
Global,global_52,global,"'state tax compliance', 'payroll tax compliance', 'sales tax compliance'"
Global,global_30,global,"'tesseract ocr engine', 'tesseract ocr', 'optical character recognition (ocr)', 'spark ocr'"
Global,global_126,global,"'adp payroll systems', 'payroll systems'"
Global,global_55,global,"'cloud management', 'cloud computing', 'cloud architecture', 'cloud infrastructure'"
Global,global_6,global,"'eclipse ide', 'code blocks ide', 'arduino ide', 'arduino', 'netbeans ide'"
Global,global_2,global,"'eclipsys emr', 'cerner emr', 'echimp', 'epic emr'"
Global,global_96,global,"'maintenance management', 'industrial machinery maintenance', 'corrective maintenance', 'test equipment maintenance', 'maintenance repair', 'equipment operation', 'equipment maintenance', 'machinery maintenance'"
Global,global_101,global,"'proficiency', 'computer proficiency'"
Global,global_59,global,"'technical writing', 'writing', 'technical communication'"
Global,global_100,global,"'qa engineering', 'quality assurance analysis', 'quality engineering', 'quality assurance engineering', 'software quality assurance (sqa)', 'quality assurance (qa)'"
Global,global_68,global,"'microsoft dynamics ax (erp)', 'microsoft dynamics sl (solomon)', 'microsoft dynamics', 'microsoft dynamics gp (great plains)'"
Global,global_54,global,"'logic design', 'schematic design'"
Global,global_56,global,"'telephone systems', 'telecommunications', 'telecommunications support', 'voip', 'telephony'"
Global,global_93,global,"'human resource management (hrm)', 'human resources (hr)', 'human resources management (hrm)'"
Global,global_91,global,"'machine learning engineering', 'machine learning', 'machine learning algorithms'"
Global,global_81,global,"'video production', 'film production', 'video editing', 'television production', 'image processing', 'image editing'"
Global,global_142,global,"'risk management', 'risk analysis'"
Global,global_45,global,"'process failure mode and effects analysis (pfmea)', 'failure analysis', 'failure mode and effects analysis (fmea)', 'design failure mode and effects analysis (dfmea)'"
Global,global_18,global,"'six sigma green belt', 'six sigma methodology', 'six sigma', 'lean six sigma', 'six sigma certification'"
Global,global_64,global,"'customer care', 'customer support', 'customer service'"
Global,global_61,global,"'creative problem solving', 'problem solving', 'creativity', 'creative thinking'"
Global,global_94,global,"'windows xp', 'windows xp/vista'"
Global,global_120,global,"'enterprise management', 'enterprise software'"
Global,global_92,global,"'algorithm development', 'algorithm analysis', 'algorithm design', 'algorithm optimization', 'optimization', 'algorithms and data structures', 'algorithms', 'data structures'"
Global,global_111,global,"'engineering cost estimating', 'cost analysis', 'cost estimation', 'cost estimating'"
Global,global_0,global,"'generative pre-trained transformer (gpt)', 'transformers', transform"
Global,global_112,global,"'relational databases', 'relational database design', 'databases'"
Global,global_11,global,"'emacs text editor', 'typing', 'textpad'"
Global,global_124,global,"'leadership', 'team leadership'"
Global,global_15,global,"'biology', 'anatomy'"
Global,global_127,global,"'business requirements analysis', 'requirements analysis', 'functional requirements analysis'"
Global,global_117,global,"'windows os', 'windows nt', 'microsoft windows'"
Global,global_10,global,"'laravel framework', 'django framework'"
Global,global_63,global,"'salesforce crm', 'customer relationship management (crm)'"
Global,global_128,global,"'fixed assets management', 'asset management', 'portfolio management'"
Global,global_135,global,"'design', 'engineering design'"
Global,global_99,global,"'logistics management', 'supply chain management'"
Global,global_129,global,"'web application development', 'web development', 'website development', 'web design'"
Global,global_76,global,"'unit testing', 'electrical measurement', 'electrical testing'"
Global,global_24,global,"'home health', 'home improvement', 'home care'"
Global,global_149,global,"'market trend analysis', 'market analysis', 'economic analysis'"
Global,global_25,global,"'experimentation', 'design of experiments (doe)', 'experiment design'"
Global,global_37,global,"'lesson planning', 'teaching'"
Global,global_130,global,"'process development', 'design process', 'process design', 'process engineering'"
Global,global_32,global,"'weighing equipment', 'equipment calibration'"
Global,global_21,global,"'virtualization', 'vxworks', 'vmware', 'vmware workstation', 'virtual machines'"
Global,global_109,global,"'data clustering', 'data mining', 'text mining', 'text analytics'"
Global,global_116,global,"'c++ programming', 'c/c++ programming', 'c programming'"
Global,global_34,global,"'autocad', 'cad software', 'autocad civil 3d'"
Global,global_137,global,"'electrical engineering', 'engineering', 'mechanical and electrical engineering', 'electronics engineering', 'mechanical engineering', 'engineering management'"
Global,global_33,global,"'excel', 'microsoft excel', 'spreadsheet software'"
Global,global_13,global,"'wsam-dc fiber', 'fiber optics'"
Global,global_36,global,"'generally accepted auditing standards (gaas)', 'fasb & gaap standards', 'gaap (generally accepted accounting principles)'"
Global,global_44,global,"'microsoft exchange server', 'microsoft outlook', 'outlook express'"
Global,global_31,global,"'sas/stat', 'sas programming', 'sas base'"
Global,global_143,global,"'operations research', 'operations management'"
Global,global_141,global,"'scientific research', 'academic research', 'research science', 'research'"
Global,global_23,global,"'reactjs', 'node.js', 'express.js', 'javascript'"
Global,global_88,global,"'lacerte tax software', 'tax software', 'proseries tax software'"
Global,global_43,global,"'microsoft azure', 'azure data factory'"
Global,global_144,global,"'financial risk management', 'financial management'"
Global,global_90,global,"'test engineering', 'software testing', 'automated testing', 'testing tools'"
Global,global_118,global,"'business consulting', 'strategy consulting', 'consulting'"
Global,global_8,global,"'therapy', 'physical therapy', 'rehabilitation', 'counseling'"
Global,global_27,global,"'internet explorer', 'netscape navigator', 'internet navigation'"
Global,global_79,global,"'real-time systems', 'real-time embedded systems', 'embedded systems', 'real-time operating systems (rtos)'"
Global,global_77,global,"'coordination skills', 'communication skills'"
Global,global_84,global,"'banking', 'mortgage lending', 'mortgage loan processing', 'investment banking', 'mortgage banking'"
Global,global_51,global,"'ergonomics and safety', 'vehicle ergonomics', 'ergonomics'"
Global,global_62,global,"'client management', 'client liaison'"
Global,global_65,global,"'customer relations', 'client relations'"
Global,global_98,global,"'equipment inventory management', 'inventory management', 'inventory control'"
Global,global_104,global,"'employee training and development', 'staff development'"
Global,global_103,global,"'financial controls', 'expense control'"
Global,global_87,global,"'administrative assistance', 'executive assistance'"
Global,global_102,global,"'english language proficiency', 'spanish language', 'spanish language proficiency'"
Global,global_151,global,"'financial statements', 'financial statement analysis'"
Global,global_67,global,"'material science', 'material management'"
Global,global_85,global,"'statistical modeling', 'mathematical modeling', 'data modeling'"
Global,global_17,global,"'restful apis', 'api design', 'api'"
Global,global_60,global,"'customer engagement', 'customer satisfaction'"
Global,global_57,global,"'remote support', 'network support'"
Global,global_150,global,"'financial analysis', 'financial planning and analysis'"
Global,global_12,global,"'motivation and initiative', 'initiative and flexibility'"
Global,global_105,global,"'training', 'training programs', 'employee training', 'staff training'"
Global,global_5,global,"'msa', 'ms-dos'"
Global,global_14,global,"'jcl programming', 'kotlin programming'"
Global,global_95,global,"'computer repair', 'hardware repair', 'electronics repair', 'pc repair'"
Global,global_73,global,"'deadline management', 'deadline-oriented', 'deadline compliance'"
Global,global_107,global,"'data engineering', 'data programming'"
Global,global_49,global,"'user interface (ui) design', 'user experience (ux) design'"
Global,global_39,global,"'peoplesoft financials', 'peoplesoft hrms', 'peoplesoft'"
Global,global_4,global,"'a/p', 'pq', 'a/r'"
Global,global_131,global,"'planning', 'forecasting and planning', 'forecasting'"
Global,global_97,global,"'python development', 'c/python programming', 'python programming'"
Global,global_132,global,"'business planning', 'strategic planning'"
Global,global_46,global,"'sql navigator', 'microsoft sql server'"
Global,global_148,global,"'business analysis', 'business systems analysis'"
Global,global_66,global,"'test scripting', 'bash scripting', 'shell scripting', 'scripting'"
Global,global_106,global,"'information technology (it)', 'information systems', 'business systems', 'information technology services'"
Global,global_86,global,"'executive support', 'administrative support'"
Global,global_145,global,"'business operations', 'financial operations'"
Global,global_69,global,"'system upgrade', 'system upgrades', 'hardware upgrades'"
Global,global_139,global,"'business process management', 'process management'"
Global,global_78,global,"'pl/pgsql', 'pl/sql'"
Global,global_71,global,"'microsoft sharepoint', 'microsoft office suite'"
